pattern,count
"('turn-on(tap)', 'rinse(hand)', 'turn-off(tap)')",93
"('pick-up(cloth)', 'dry(hand)', 'put-down(cloth)')",89
"('turn-on(tap)', 'wash(hand)', 'turn-off(tap)')",86
"('rinse(hand)', 'turn-off(tap)', 'shake(hand)')",74
"('shake(hand)', 'pick-up(cloth)', 'dry(hand)')",57
"('turn-off(tap)', 'shake(hand)', 'pick-up(cloth)')",51
"('turn-on(tap)', 'rinse(sponge)', 'turn-off(tap)')",41
"('open(drawer)', 'close(drawer)', 'open(drawer)')",39
"('turn-on(tap)', 'rinse(plate)', 'turn-off(tap)')",34
"('turn-on(tap)', 'rinse(cloth)', 'turn-off(tap)')",33
"('cut(potato)', 'cut(potato)', 'cut(potato)')",31
"('put-down(meat)', 'pick-up(meat)', 'put-down(meat)')",30
"('pick-up(meat)', 'put-down(meat)', 'pick-up(meat)')",29
"('place-on(meat)', 'get(meat)', 'place-on(meat)')",28
"('sharpen(knife)', 'sharpen(knife)', 'sharpen(knife)')",28
"('press(button)', 'press(button)', 'press(button)')",27
"('open(drawer)', 'pick-up(spoon)', 'close(drawer)')",27
"('get(meat)', 'place-on(meat)', 'get(meat)')",26
"('press-on(spatula)', 'press-on(spatula)', 'press-on(spatula)')",26
"('put-down(glass)', 'pick-up(glass)', 'put-down(glass)')",25
"('chop(onion)', 'chop(onion)', 'chop(onion)')",25
"('pick-up(glass)', 'rinse(glass)', 'put-down(glass)')",24
"('turn-off(tap)', 'shake(hand)', 'dry(hand)')",24
"('pick-up(glass)', 'put-down(glass)', 'pick-up(glass)')",24
"('skin(carrot)', 'skin(carrot)', 'skin(carrot)')",23
"('stir(food)', 'stir(food)', 'stir(food)')",23
"('flip(aubergine)', 'flip(aubergine)', 'flip(aubergine)')",22
"('cut(onion)', 'cut(onion)', 'cut(onion)')",22
"('peel(potato)', 'peel(potato)', 'peel(potato)')",22
"('wash(hand)', 'turn-off(tap)', 'dry(hand)')",21
"('turn-off(tap)', 'pick-up(cloth)', 'dry(hand)')",20
"('put-down(plate)', 'pick-up(plate)', 'put-down(plate)')",20
"('peel(peach)', 'peel(peach)', 'peel(peach)')",20
"('rinse(hand)', 'turn-off(tap)', 'dry(hand)')",20
"('pick-up(knife)', 'lather(knife)', 'put-down(knife)')",20
"('fold(cheese)', 'stretch(cheese)', 'fold(cheese)')",19
"('pick-up(plate)', 'drain(plate)', 'put-down(plate)')",19
"('open(cupboard)', 'pick-up(plate)', 'put-down(plate)')",19
"('stretch(dough)', 'fold(dough)', 'stretch(dough)')",19
"('fold(dough)', 'stretch(dough)', 'fold(dough)')",19
"('turn-on(tap)', 'pour-into(water)', 'turn-off(tap)')",18
"('turn-on(tap)', 'rinse(board:chopping)', 'turn-off(tap)')",18
"('put-down(plate)', 'rinse(plate)', 'put-down(plate)')",17
"('pick-up(soap)', 'pour(liquid:washing:up)', 'put-down(liquid:washing:up)')",17
"('rinse(plate)', 'put-down(plate)', 'rinse(plate)')",17
"('stretch(cheese)', 'fold(cheese)', 'stretch(cheese)')",17
"('turn-on(tap)', 'rinse(knife)', 'turn-off(tap)')",17
"('pick-up(aubergine)', 'put-down(aubergine)', 'pick-up(aubergine)')",17
"('put-down(aubergine)', 'pick-up(aubergine)', 'put-down(aubergine)')",16
"('pick-up(spatula)', 'stir(food)', 'tap(spatula)')",16
"('pick-up(spoon)', 'lather(spoon)', 'put-down(spoon)')",16
"('clean(hob)', 'turn-on(tap)', 'rinse(sponge)')",16
"('pick-up(plate)', 'put-down(plate)', 'pick-up(plate)')",16
"('stir(food)', 'tap(spatula)', 'put-down(spatula)')",15
"('turn-on(tap)', 'rinse(glass)', 'turn-off(tap)')",15
"('peel(skin:garlic)', 'discard(skin:garlic)', 'peel(skin:garlic)')",15
"('lather(knife)', 'rinse(knife)', 'put-down(knife)')",15
"('drain(plate)', 'put-down(plate)', 'pick-up(plate)')",15
"('discard(skin:garlic)', 'peel(skin:garlic)', 'discard(skin:garlic)')",15
"('chop(garlic)', 'chop(garlic)', 'chop(garlic)')",15
"('put-down(plate)', 'pick-up(plate)', 'drain(plate)')",15
"('dry(hand)', 'put-down(cloth)', 'pick-up(spatula)')",14
"('rinse(sponge)', 'turn-off(tap)', 'pick-up(soap)')",14
"('turn-off(tap)', 'pick-up(soap)', 'pour(liquid:washing:up)')",14
"('pick-up(pasta)', 'pour(pasta)', 'pick-up(pasta)')",14
"('pour(pasta)', 'pick-up(pasta)', 'pour(pasta)')",14
"('take(fork)', 'lather(fork)', 'put-down(fork)')",14
"('rinse(glass)', 'put-down(glass)', 'pick-up(glass)')",14
"('close(drawer)', 'open(drawer)', 'close(drawer)')",14
"('rinse(glass)', 'put-down(glass)', 'rinse(glass)')",14
"('rinse(plate)', 'put-down(plate)', 'pick-up(plate)')",14
"('pick-up(plate)', 'rinse(plate)', 'put-down(plate)')",14
"('break-up(rice)', 'break-up(rice)', 'break-up(rice)')",14
"('turn-on(tap)', 'rinse(pan)', 'turn-off(tap)')",14
"('wipe(surface)', 'wipe(surface)', 'wipe(surface)')",14
"('pick-up(sponge)', 'turn-on(tap)', 'rinse(sponge)')",13
"('pick-up(glass)', 'wash(glass)', 'put-down(glass)')",13
"('take-off(skin)', 'take-off(skin)', 'take-off(skin)')",13
"('wash(hand)', 'turn-off(tap)', 'shake(hand)')",13
"('cut(tomato)', 'cut(tomato)', 'cut(tomato)')",13
"('put-down(glass)', 'rinse(glass)', 'put-down(glass)')",13
"('pick-up(glass)', 'drain(glass)', 'put-down(glass)')",13
"('turn-on(tap)', 'rinse(bowl)', 'turn-off(tap)')",13
"('turn-on(tap)', 'rinse(mug)', 'turn-off(tap)')",13
"('oil(hand)', 'knead(dough)', 'shape(ball:dough)')",13
"('slice(onion)', 'slice(onion)', 'slice(onion)')",13
"('put-down(sponge)', 'turn-on(tap)', 'rinse(hand)')",12
"('rinse(hand)', 'pick-up(cloth)', 'rinse(cloth)')",12
"('pick-up(bowl)', 'rinse(bowl)', 'put-down(bowl)')",12
"('clean(top:counter)', 'turn-on(tap)', 'rinse(cloth)')",12
"('rinse(hand)', 'turn-off(tap)', 'pick-up(cloth)')",12
"('take(knife)', 'wash(knife)', 'put-down(knife)')",11
"('rinse(cloth)', 'turn-off(tap)', 'wring(cloth)')",11
"('wash(hand)', 'rinse(hand)', 'turn-off(tap)')",11
"('pick-up(mushroom)', 'wash(mushroom)', 'put-down(mushroom)')",11
"('put-down(plate)', 'pick-up(plate)', 'rinse(plate)')",11
"('pick-up(plate)', 'pick-up(plate)', 'put-down(plate)')",11
"('knead(dough)', 'shape(ball:dough)', 'place-on(ball:dough)')",11
"('pick-up(plate)', 'lather(plate)', 'put-down(plate)')",11
"('put-down(glass)', 'pick-up(glass)', 'rinse(glass)')",11
"('pick-up(piece:tofu)', 'put-in(piece:tofu)', 'move-with(piece:tofu)')",11
"('pick-up(spoon)', 'stir(pasta)', 'put-down(spoon)')",11
"('pick-up(cloth)', 'turn-on(tap)', 'rinse(cloth)')",11
"('open(cupboard)', 'pick-up(plate)', 'close(cupboard)')",11
"('debone(thigh:chicken)', 'debone(thigh:chicken)', 'debone(thigh:chicken)')",11
"('open(drawer)', 'take(knife)', 'close(drawer)')",11
"('sweep(floor)', 'sweep(floor)', 'sweep(floor)')",11
"('put-down(mushroom)', 'pick-up(mushroom)', 'wash(mushroom)')",11
"('open(cupboard)', 'pick-up(glass)', 'close(cupboard)')",11
"('pick-up(slice:potato)', 'put-down(slice:potato)', 'pick-up(slice:potato)')",11
"('scoop(food)', 'put-in(food)', 'scoop(food)')",11
"('put-down(slice:potato)', 'pick-up(slice:potato)', 'put-down(slice:potato)')",11
"('put-in(food)', 'scoop(food)', 'put-in(food)')",11
"('open(drawer)', 'pick-up(knife)', 'close(drawer)')",11
"('wash(mushroom)', 'put-down(mushroom)', 'pick-up(mushroom)')",11
"('put-in(pie)', 'pick-up(pie)', 'put-in(pie)')",10
"('put(clothes)', 'take(clothes)', 'put(clothes)')",10
"('take(clothes)', 'put(clothes)', 'take(clothes)')",10
"('wash(plate)', 'turn-on(tap)', 'rinse(plate)')",10
"('sharpen(tap)', 'sharpen(tap)', 'sharpen(tap)')",10
"('rinse(plate)', 'turn-off(tap)', 'put(plate)')",10
"('rinse(sponge)', 'turn-off(tap)', 'clean(hob)')",10
"('turn-on(tap)', 'rinse(spoon)', 'turn-off(tap)')",10
"('turn-off(tap)', 'close(kettle)', 'put-down(kettle)')",10
"('pick-up(cloth)', 'rinse(cloth)', 'turn-off(tap)')",10
"('stir(meat)', 'stir(meat)', 'stir(meat)')",10
"('put-on(nut:pine)', 'put-on(nut:pine)', 'put-on(nut:pine)')",10
"('rinse(sponge)', 'put-down(sponge)', 'rinse(hand)')",10
"('pick-up(plate)', 'put-down(plate)', 'put-down(plate)')",10
"('rinse(cloth)', 'turn-off(tap)', 'wash(sink)')",10
"('pick-up(spoon)', 'stir(sauce)', 'put-down(spoon)')",10
"('turn-off(tap)', 'clean(hob)', 'turn-on(tap)')",10
"('cut(courgette)', 'cut(courgette)', 'cut(courgette)')",10
"('get(oil)', 'oil(hand)', 'knead(dough)')",10
"('pour(water)', 'pour(water)', 'pour(water)')",10
"('dry(hand)', 'put-down(cloth)', 'open(drawer)')",10
"('open(cupboard)', 'take(plate)', 'close(cupboard)')",10
"('knead(dough)', 'knead(dough)', 'knead(dough)')",10
"('pick-up(glass)', 'lather(glass)', 'put-down(glass)')",10
"('pick-up(liquid:washing)', 'pour-onto(liquid:washing)', 'put-down(liquid:washing)')",10
"('pick-up(plate)', 'close(cupboard)', 'put-down(plate)')",10
"('turn-on(tap)', 'fill(kettle)', 'turn-off(tap)')",9
"('pick-up(sponge)', 'rinse(sponge)', 'turn-off(tap)')",9
"('sharpen(whetstone)', 'sharpen(whetstone)', 'sharpen(whetstone)')",9
"('open(cupboard)', 'close(cupboard)', 'open(cupboard)')",9
"('wash(glass)', 'put-down(glass)', 'pick-up(glass)')",9
"('peel(onion)', 'peel(onion)', 'peel(onion)')",9
"('open(drawer)', 'take(spoon)', 'close(drawer)')",9
"('flip(sausage)', 'flip(sausage)', 'flip(sausage)')",9
"('shake(hand)', 'dry(hand)', 'put-down(cloth)')",9
"('put-down(olive)', 'put-down(olive)', 'put-down(olive)')",9
"('pick-up(bowl)', 'put-down(bowl)', 'pick-up(bowl)')",9
"('pick-up(pie)', 'put-in(pie)', 'pick-up(pie)')",9
"('flip-over(piece:tofu)', 'flip-over(piece:tofu)', 'flip-over(piece:tofu)')",9
"('take(spatula)', 'stir(food)', 'stir(food)')",9
"('flip(aubergine)', 'put-down(fork)', 'take(fork)')",9
"('slice(tomato)', 'slice(tomato)', 'slice(tomato)')",9
"('pour(pasta)', 'pour(pasta)', 'pour(pasta)')",9
"('shape(ball:dough)', 'place-on(ball:dough)', 'squeeze(dough)')",9
"('pick-up(knife)', 'rinse(knife)', 'put-down(knife)')",9
"('turn-on(tap)', 'pick-up(sponge)', 'rinse(sponge)')",9
"('rinse(knife)', 'put-down(knife)', 'take(fork)')",9
"('pick-up(spoon)', 'stir(onion)', 'put-down(spoon)')",9
"('take(spoon)', 'mix(curry)', 'put(spoon)')",9
"('put-down(mushroom)', 'slice(mushroom)', 'pick-up(mushroom)')",8
"('pick-up(mushroom)', 'put-down(mushroom)', 'slice(mushroom)')",8
"('open(fridge)', 'put-into(container)', 'close(fridge)')",8
"('turn-on(tap)', 'rinse(pot)', 'turn-off(tap)')",8
"('slice(mushroom)', 'pick-up(mushroom)', 'put-down(mushroom)')",8
"('rinse(hand)', 'pick-up(sponge)', 'rinse(sponge)')",8
"('lather(plate)', 'rinse(plate)', 'put-down(plate)')",8
"('squeeze(dough)', 'get(oil)', 'oil(hand)')",8
"('turn-off(tap)', 'unfold(cloth)', 'put-down(cloth)')",8
"('put-down(knife)', 'take(fork)', 'lather(fork)')",8
"('pick-up(cutlery)', 'rinse(cutlery)', 'put-down(cutlery)')",8
"('pick-up(knife)', 'wash(knife)', 'put-down(knife)')",8
"('spray(detergent)', 'clean(table)', 'spray(detergent)')",8
"('open(cupboard)', 'put-down(degreaser)', 'close(cupboard)')",8
"('move-with(piece:tofu)', 'pick-up(piece:tofu)', 'put-in(piece:tofu)')",8
"('pick-up(fork)', 'lather(fork)', 'put-down(fork)')",8
"('pick-up(paper)', 'tear(paper)', 'dry(hand)')",8
"('cut(piece:chocolate)', 'cut(piece:chocolate)', 'cut(piece:chocolate)')",8
"('put-down(sponge)', 'turn-on(tap)', 'rinse(plate)')",8
"('put-down(rice)', 'pick-up(rice)', 'put-down(rice)')",8
"('pick-up(rice)', 'put-down(rice)', 'pick-up(rice)')",8
"('lather(fork)', 'rinse(fork)', 'put-down(fork)')",8
"('rinse(sponge)', 'lather(sponge)', 'rinse(sponge)')",8
"('pick-up(container)', 'put-down(container)', 'pick-up(container)')",8
"('roll-out(dough)', 'turn-over(dough)', 'roll-out(dough)')",8
"('cut(pizza)', 'cut(pizza)', 'cut(pizza)')",8
"('wash(knife)', 'put-down(knife)', 'wash(fork)')",8
"('take(clothes)', 'put-in(clothes)', 'take(clothes)')",8
"('put-in(clothes)', 'take(clothes)', 'put-in(clothes)')",8
"('close(kettle)', 'put-down(kettle)', 'turn-on(kettle)')",8
"('put-down(knife)', 'wash(fork)', 'put-down(fork)')",8
"('put-down(glass)', 'pick-up(glass)', 'drain(glass)')",8
"('remove-from(scale)', 'remove-from(scale)', 'remove-from(scale)')",8
"('pick-up(container)', 'drain(container)', 'put-down(container)')",8
"('fold(cheese)', 'fold(cheese)', 'fold(cheese)')",8
"('turn(chicken)', 'turn(chicken)', 'turn(chicken)')",8
"('pick-up(plate)', 'wash(plate)', 'pick-up(plate)')",8
"('put-down(glass)', 'pick-up(glass)', 'wash(glass)')",8
"('turn-off(tap)', 'pick-up(towel)', 'dry(hand)')",8
"('fill(kettle)', 'turn-off(tap)', 'close(kettle)')",8
"('pick-up(kettle)', 'open(kettle)', 'turn-on(tap)')",7
"('pick-up(lid)', 'close(container)', 'pick-up(container)')",7
"('top(carrot:tail)', 'top(carrot:tail)', 'top(carrot:tail)')",7
"('put-down(glass)', 'wash(glass)', 'put-down(glass)')",7
"('scour(wok)', 'scour(wok)', 'scour(wok)')",7
"('wash(spoon)', 'turn-on(tap)', 'rinse(spoon)')",7
"('rinse(knife)', 'lather(knife)', 'rinse(knife)')",7
"('pick-up(knife)', 'rinse(knife)', 'lather(knife)')",7
"('lather(glass)', 'pick-up(glass)', 'lather(glass)')",7
"('wash(glass)', 'put-down(glass)', 'wash(glass)')",7
"('squeeze(lime)', 'squeeze(lime)', 'squeeze(lime)')",7
"('chop(ginger)', 'chop(ginger)', 'chop(ginger)')",7
"('sponge(knife)', 'pick-up(knife)', 'sponge(knife)')",7
"('rinse(mug)', 'turn-off(tap)', 'put-down(mug)')",7
"('put-down(sponge)', 'turn-on(tap)', 'rinse(spoon)')",7
"('pick-up(glass)', 'turn-on(tap)', 'rinse(glass)')",7
"('lather(plate)', 'put-down(plate)', 'pick-up(plate)')",7
"('put-down(glass)', 'pick-up(glass)', 'lather(glass)')",7
"('open(drawer)', 'put-down(mat:place)', 'close(drawer)')",7
"('flip(burger:tuna)', 'flip(burger:tuna)', 'flip(burger:tuna)')",7
"('rinse(board:chopping)', 'turn-off(tap)', 'put-in(board:chopping)')",7
"('pick-up(lid)', 'rinse(lid)', 'put-down(lid)')",7
"('cut(olive)', 'put-down(knife)', 'remove(stone:olive)')",7
"('put(spoon)', 'take(plate)', 'put(plate)')",7
"('pick-up(glass)', 'lather(glass)', 'pick-up(glass)')",7
"('pick-up(spoon)', 'open(lid)', 'stir(pasta)')",7
"('open(drawer)', 'pick-up(teaspoon)', 'close(drawer)')",7
"('put-down(cloth)', 'pick-up(spatula)', 'stir(potato)')",7
"('rinse(cloth)', 'turn-off(tap)', 'unfold(cloth)')",7
"('slice-into(courgette)', 'slice-into(courgette)', 'slice-into(courgette)')",7
"('put-down(cloth)', 'turn-on(tap)', 'rinse(hand)')",7
"('open(drawer)', 'pick-up(fork)', 'close(drawer)')",7
"('put-in(piece:tofu)', 'move-with(piece:tofu)', 'pick-up(piece:tofu)')",7
"('squeeze(bottle:milk)', 'squeeze(bottle:milk)', 'squeeze(bottle:milk)')",7
"('take(spoon:wooden)', 'stir(pasta)', 'place-on(spoon:wooden)')",7
"('throw(peel)', 'pick-up(peel)', 'throw(peel)')",7
"('put-down(cap:burner)', 'pick-up(cap:burner)', 'wash(cap:burner)')",7
"('scrape(tomato)', 'scrape(tomato)', 'scrape(tomato)')",7
"('wash(cap:burner)', 'put-down(cap:burner)', 'pick-up(cap:burner)')",7
"('rinse(cap:burner)', 'put-down(cap:burner)', 'pick-up(cap:burner)')",7
"('flip(meat)', 'flip(meat)', 'flip(meat)')",7
"('pick-up(fork)', 'pick-up(fork)', 'pick-up(fork)')",7
"('wash(plate)', 'put-down(plate)', 'wash(plate)')",7
"('rinse(cloth)', 'turn-off(tap)', 'put-down(cloth)')",7
"('close(bag)', 'turn-on(tap)', 'rinse(hand)')",7
"('flip(aubergine)', 'flip(aubergine)', 'put-down(fork)')",7
"('pick-up(salt)', 'pour(salt)', 'take(fork)')",7
"('open(drawer)', 'pick-up(mat:place)', 'close(drawer)')",7
"('wash(saucepan)', 'wash(saucepan)', 'wash(saucepan)')",7
"('wash(pan)', 'wash(pan)', 'wash(pan)')",7
"('pour(oil)', 'close(oil)', 'put-down(oil)')",7
"('take(mushroom)', 'chop(mushroom)', 'take(mushroom)')",7
"('drain(glass)', 'put-down(glass)', 'pick-up(glass)')",7
"('dry(hand)', 'put-down(cloth)', 'open(cupboard)')",7
"('chop(chilli)', 'chop(chilli)', 'chop(chilli)')",7
"('put-down(plate)', 'pick-up(plate)', 'lather(plate)')",7
"('pick-up(sponge)', 'lather(plate)', 'rinse(plate)')",7
"('turn-off(tap)', 'turn-on(tap)', 'turn-off(tap)')",7
"('cut(peach)', 'cut(peach)', 'remove(peach)')",7
"('lather(sponge)', 'rinse(sponge)', 'turn-off(tap)')",7
"('rinse(knife)', 'put-down(knife)', 'turn-off(tap)')",7
"('take(fork)', 'rinse(fork)', 'lather(fork)')",6
"('pick-up(liquid:washing)', 'put(liquid:washing)', 'put-down(liquid:washing)')",6
"('pick-up(pancake:crispy)', 'put-down(pancake:crispy)', 'pick-up(pancake:crispy)')",6
"('put-into(leaf:pak:choi)', 'pick-up(leaf:pak:choi)', 'wash(leaf:pak:choi)')",6
"('pick-up(leaf:pak:choi)', 'put-down(leaf:pak:choi)', 'cut(choi:pak)')",6
"('open(drawer)', 'pick-up(spatula)', 'close(drawer)')",6
"('wash(leaf:pak:choi)', 'put-into(leaf:pak:choi)', 'pick-up(leaf:pak:choi)')",6
"('put(sponge)', 'turn-on(tap)', 'rinse(plate)')",6
"('put(tomato)', 'pick-up(tomato)', 'put(tomato)')",6
"('pick-up(pasta)', 'put-down(pasta)', 'pick-up(pasta)')",6
"('put-down(pasta)', 'pick-up(pasta)', 'put-down(pasta)')",6
"('rinse(knife)', 'put-down(knife)', 'pick-up(knife)')",6
"('pick-up(glass)', 'open(cupboard)', 'put-down(glass)')",6
"('put-down(fork)', 'wash(knife)', 'put-down(knife)')",6
"('wash(fork)', 'put-down(fork)', 'wash(knife)')",6
"('wash(plate)', 'pick-up(plate)', 'wash(plate)')",6
"('put-down(plate)', 'wash(plate)', 'put-down(plate)')",6
"('pick-up(spoon)', 'stir(mushroom)', 'put-down(spoon)')",6
"('wash(knife)', 'put-down(knife)', 'wash(knife)')",6
"('skin(carrot)', 'skin(carrot)', 'put-in(carrot)')",6
"('put-down(knife)', 'wash(knife)', 'put-down(knife)')",6
"('take(spoon)', 'spoon(rice)', 'taste(rice)')",6
"('spoon(rice)', 'taste(rice)', 'put-down(spoon)')",6
"('open(fridge)', 'pick-up(milk)', 'close(fridge)')",6
"('wash(spoon)', 'rinse(spoon)', 'put-down(spoon)')",6
"('pick-up(plate)', 'wash(plate)', 'turn-on(tap)')",6
"('put-into(clothes)', 'put-into(clothes)', 'put-into(clothes)')",6
"('rinse(fork)', 'lather(fork)', 'rinse(fork)')",6
"('open(drawer)', 'put-down(board:cutting)', 'close(drawer)')",6
"('pick-up(glass)', 'pick-up(glass)', 'put-down(glass)')",6
"('open(cupboard)', 'put-down(jar)', 'close(cupboard)')",6
"('pick-up(spatula)', 'stir(potato)', 'put-down(spatula)')",6
"('turn-on(tap)', 'fill-up(jug)', 'turn-off(tap)')",6
"('cut(lettuce)', 'cut(lettuce)', 'cut(lettuce)')",6
"('pick-up(glass)', 'put-down(glass)', 'put-down(glass)')",6
"('roll-out(dough)', 'flip-over(dough)', 'roll-out(dough)')",6
"('cut(paper:greaseproof)', 'cut(paper:greaseproof)', 'cut(paper:greaseproof)')",6
"('pick-up(spatula)', 'drag-through(spatula)', 'put-down(spatula)')",6
"('wash(knife)', 'turn-on(tap)', 'rinse(knife)')",6
"('take-off(lid)', 'stir(pan)', 'put-on(lid)')",6
"('put-down(cap:burner)', 'pick-up(cap:burner)', 'rinse(cap:burner)')",6
"('remove(skin)', 'remove(skin)', 'remove(skin)')",6
"('pick-up(container)', 'pick-up(container)', 'put-down(container)')",6
"('cut(tomato)', 'move(tomato)', 'cut(tomato)')",6
"('lather(glass)', 'put-down(glass)', 'pick-up(glass)')",6
"('put-down(knife)', 'pick-up(knife)', 'lather(knife)')",6
"('sponge(plate)', 'put-down(sponge)', 'turn-on(tap)')",6
"('put-down(mixture)', 'pick-up(mixture)', 'put-down(mixture)')",6
"('mix(curry)', 'put(spoon)', 'take(plate)')",6
"('pick-up(cap:burner)', 'wash(cap:burner)', 'put-down(cap:burner)')",6
"('pick-up(bottle)', 'pick-up(bottle)', 'put-down(bottle)')",6
"('pick-up(sponge)', 'sponge(plate)', 'put-down(sponge)')",6
"('pick-up(mixture)', 'put-down(mixture)', 'pick-up(mixture)')",6
"('put(bowl)', 'take(bowl)', 'put(bowl)')",6
"('put-on(tray:baking)', 'pick-up(omelette)', 'put-on(tray:baking)')",6
"('put-down(sponge)', 'turn-on(tap)', 'rinse(pan)')",6
"('pick-up(knife)', 'wash(knife)', 'put-in(knife)')",6
"('pick-up(plate)', 'wash(plate)', 'put-in(plate)')",6
"('put-down(sponge)', 'turn-on(tap)', 'rinse(board:chopping)')",6
"('open(oil)', 'pour(oil)', 'close(bottle:oil)')",6
"('pick-up(oil)', 'open(oil)', 'pour(oil)')",6
"('open(lid)', 'stir(pasta)', 'close(lid)')",6
"('put-down(spoon)', 'turn-on(tap)', 'wash(hand)')",6
"('cut(carrot)', 'cut(carrot)', 'cut(carrot)')",6
"('turn-off(tap)', 'turn-on(tap)', 'wash(hand)')",6
"('tap(egg)', 'crack(egg)', 'put-down(eggshell)')",6
"('open(cupboard)', 'pick-up(bowl)', 'put-down(bowl)')",6
"('turn-on(tap)', 'rinse(cloth)', 'put-down(cloth)')",6
"('trim-into(bean:green)', 'trim-into(bean:green)', 'trim-into(bean:green)')",6
"('put-down(bowl)', 'pick-up(bowl)', 'put-down(bowl)')",6
"('turn-on(tap)', 'pick-up(cloth)', 'rinse(cloth)')",6
"('put-down(fork)', 'pick-up(knife)', 'lather(knife)')",6
"('move-into(piece:meat)', 'move-into(piece:meat)', 'move-into(piece:meat)')",6
"('lather(fork)', 'put-down(fork)', 'pick-up(knife)')",6
"('lather(knife)', 'put-down(knife)', 'take(fork)')",6
"('pick-up(peel)', 'throw(peel)', 'pick-up(peel)')",6
"('put-down(fork)', 'pick-up(aubergine)', 'put-down(aubergine)')",6
"('pick-up(aubergine)', 'flip(aubergine)', 'pick-up(aubergine)')",6
"('take(fork)', 'flip(aubergine)', 'put-down(fork)')",6
"('pick-up(plate)', 'put-down(plate)', 'open(cupboard)')",6
"('place-on(ball:dough)', 'squeeze(dough)', 'get(oil)')",6
"('pick-up(knife)', 'sponge(knife)', 'pick-up(knife)')",6
"('pick-up(glass)', 'close(cupboard)', 'put-down(glass)')",6
"('sponge(spoon)', 'pick-up(spoon)', 'sponge(spoon)')",6
"('cut(peach)', 'remove(peach)', 'put-down(peach)')",6
"('rinse(cloth)', 'clean(sink)', 'rinse(cloth)')",6
"('press-on(spatula)', 'flip(meat)', 'press-on(spatula)')",6
"('turn-off(tap)', 'pick-up(bowl)', 'put-down(bowl)')",6
"('put-down(plate)', 'put-down(plate)', 'pick-up(plate)')",6
"('press-on(spatula)', 'press-on(spatula)', 'flip(meat)')",6
"('pick-up(knife)', 'lather(knife)', 'rinse(knife)')",6
"('turn-on(tap)', 'rinse(glass)', 'put-down(glass)')",6
"('stir(pasta)', 'stir(pasta)', 'stir(pasta)')",6
"('pick-up(mat:place)', 'close(drawer)', 'put-down(mat:place)')",6
"('clean(table)', 'spray(detergent)', 'clean(table)')",6
"('pick-up(plate)', 'put-down(plate)', 'turn-on(tap)')",6
"('stir(meat)', 'press-on(spatula)', 'press-on(spatula)')",6
"('chop(squash)', 'chop(squash)', 'chop(squash)')",6
"('put-into(meat)', 'put-into(meat)', 'put-into(meat)')",6
"('dice(courgette)', 'pick-up(dice:courgette)', 'put-into(dice:courgette)')",6
"('open(drawer)', 'pick-up(board:cutting)', 'put-down(board:cutting)')",6
"('pick-up(sponge)', 'rinse(sponge)', 'put-down(sponge)')",6
"('open(drawer)', 'open(drawer)', 'close(drawer)')",6
"('chop(mushroom)', 'take(mushroom)', 'chop(mushroom)')",6
"('roll(dough)', 'roll(dough)', 'roll(dough)')",6
"('rinse(plate)', 'turn-off(tap)', 'put-down(plate)')",6
"('shred(thigh:chicken)', 'shred(thigh:chicken)', 'shred(thigh:chicken)')",6
"('open(salt)', 'pour(salt)', 'close(salt)')",5
"('take(plate)', 'close(cupboard)', 'put-down(plate)')",5
"('pick-up(dice:courgette)', 'put-into(dice:courgette)', 'move(slice:courgette)')",5
"('pick-up(sponge)', 'scrub(spoon)', 'rinse(spoon)')",5
"('wash(surface:hob)', 'wash(surface:hob)', 'wash(surface:hob)')",5
"('pick-up(meat)', 'put-down(meat)', 'wrap(meat)')",5
"('put-down(meat)', 'wrap(meat)', 'move(meat)')",5
"('cut(film:cling)', 'pick-up(meat)', 'put-down(meat)')",5
"('pick-up(tissue)', 'dry(hand)', 'put-down(napkin)')",5
"('stir(mushroom)', 'adjust(hob)', 'stir(mushroom)')",5
"('adjust(hob)', 'stir(mushroom)', 'put-down(spoon)')",5
"('pour(mushroom)', 'pour(mushroom)', 'pour(mushroom)')",5
"('turn-on(tap)', 'rinse(colander)', 'turn-off(tap)')",5
"('pick-up(spatula)', 'lather(spatula)', 'put-down(spatula)')",5
"('mix(vegetable)', 'mix(vegetable)', 'mix(vegetable)')",5
"('cut(tomato:cherry)', 'put-in(tomato:cherry)', 'cut(tomato:cherry)')",5
"('put-in(tomato:cherry)', 'cut(tomato:cherry)', 'put-in(tomato:cherry)')",5
"('stir(vegetable)', 'put(glove:oven)', 'put(spatula)')",5
"('pick-up(piece:pitta)', 'dip(piece:pitta)', 'eat(piece:pitta)')",5
"('rinse(cloth)', 'clean(sink)', 'turn-off(tap)')",5
"('turn-off(tap)', 'dry(hand)', 'put-down(cloth)')",5
"('close(can:trash)', 'turn-on(tap)', 'rinse(hand)')",5
"('rinse(plate)', 'turn-off(tap)', 'lather(plate)')",5
"('pick-up(pan)', 'put-down(pan)', 'turn-on(tap)')",5
"('put-down(powder)', 'pick-up(powder)', 'put-down(powder)')",5
"('put-down(glass)', 'pick-up(bowl)', 'put-down(bowl)')",5
"('pick-up(spoon)', 'rinse(spoon)', 'put-down(spoon)')",5
"('pick-up(sponge)', 'rinse(sponge)', 'rinse(hand)')",5
"('pick-up(sponge)', 'rinse(sponge)', 'lather(sponge)')",5
"('pick-up(spoon)', 'turn-on(tap)', 'wash(spoon)')",5
"('wash(knife)', 'put-down(knife)', 'pick-up(knife)')",5
"('put-down(knife)', 'pick-up(knife)', 'wash(knife)')",5
"('pour-from(soup)', 'scoop-up(soup)', 'pour-from(soup)')",5
"('pick-up(bowl)', 'turn-on(tap)', 'rinse(bowl)')",5
"('flip(meat)', 'stir(meat)', 'press-on(spatula)')",5
"('flip(meat)', 'press-on(spatula)', 'press-on(spatula)')",5
"('pick-up(bowl)', 'put-down(bowl)', 'put-down(bowl)')",5
"('pour(packaging)', 'pour(packaging)', 'pour(packaging)')",5
"('pick-up(cloth)', 'rinse(cloth)', 'clean(sink)')",5
"('move(tomato)', 'cut(tomato)', 'move(tomato)')",5
"('pour(oil)', 'close(bottle:oil)', 'put-down(oil)')",5
"('turn-off(tap)', 'lather(plate)', 'put-down(plate)')",5
"('rinse(glass)', 'put-down(glass)', 'turn-off(tap)')",5
"('chop(tomato:sun:dried)', 'chop(tomato:sun:dried)', 'chop(tomato:sun:dried)')",5
"('rinse(sponge)', 'rinse(hand)', 'put-down(sponge)')",5
"('pick-up(slice:potato)', 'put-down(slice:potato)', 'put-down(slice:potato)')",5
"('crack(egg)', 'put-down(eggshell)', 'pick-up(egg)')",5
"('put-down(eggshell)', 'pick-up(egg)', 'tap(egg)')",5
"('pick-up(plate)', 'turn-on(tap)', 'rinse(plate)')",5
"('put-down(brush:pastry)', 'pick-up(chopstick)', 'put-on(chopstick)')",5
"('pick-up(chopstick)', 'put-on(chopstick)', 'fold-over(dough)')",5
"('flip-over(piece:tofu)', 'move(piece:tofu)', 'flip-over(piece:tofu)')",5
"('pick-up(bun:bao)', 'put-in(bun:bao)', 'pick-up(bun:bao)')",5
"('open(cupboard)', 'open(cupboard)', 'close(cupboard)')",5
"('pop-out(cube:ice)', 'pick-up(cube:ice)', 'put-into(cube:ice)')",5
"('chop(potato:sweet)', 'put-in(potato:sweet)', 'chop(potato:sweet)')",5
"('put-in(potato:sweet)', 'chop(potato:sweet)', 'put-in(potato:sweet)')",5
"('mix(dough)', 'pour-into(water)', 'mix(dough)')",5
"('turn-on(tap)', 'rinse(board:cutting)', 'turn-off(tap)')",5
"('clean(hob)', 'clean(hob)', 'turn-on(tap)')",5
"('shake(pot)', 'shake(pot)', 'shake(pot)')",5
"('pick-up(cap:burner)', 'put-down(cap:burner)', 'pick-up(cap:burner)')",5
"('turn-on(tap)', 'rinse(hand)', 'pick-up(sponge)')",5
"('pick-up(cap:burner)', 'rinse(cap:burner)', 'put-down(cap:burner)')",5
"('put-down(container)', 'pick-up(container)', 'put-down(container)')",5
"('close(cupboard)', 'pick-up(cloth)', 'dry(hand)')",5
"('rinse(bowl)', 'put-down(bowl)', 'pick-up(bowl)')",5
"('open(drawer)', 'put-down(towel:tea)', 'close(drawer)')",5
"('open(bag)', 'throw(residue:food)', 'close(bag)')",5
"('pour(salt)', 'pick-up(salt)', 'pour(salt)')",5
"('put-down(spoon)', 'pick-up(lid)', 'put-down(lid)')",5
"('pick-up(glass)', 'put-down(glass)', 'close(cupboard)')",5
"('pour(chickpea)', 'pick-up(chickpea)', 'pour(chickpea)')",5
"('rinse(cutlery)', 'put-down(cutlery)', 'rinse(cutlery)')",5
"('pick-up(knife)', 'dry(knife)', 'put-down(knife)')",5
"('pick-up(plate)', 'pick-up(sponge)', 'sponge(plate)')",5
"('sponge(mug)', 'put-down(sponge)', 'turn-on(tap)')",5
"('put-down(sponge)', 'turn-on(tap)', 'rinse(mug)')",5
"('pick-up(glass)', 'turn-on(tap)', 'fill-with(glass)')",5
"('turn-on(tap)', 'fill-with(glass)', 'turn-off(tap)')",5
"('open(cupboard)', 'pick-up(glass)', 'put-down(glass)')",5
"('turn-on(tap)', 'rinse(fork)', 'turn-off(tap)')",5
"('rinse(plate)', 'turn-off(tap)', 'put-in(plate)')",5
"('turn-on(tap)', 'fill(glass)', 'turn-off(tap)')",5
"('cut-in(tomato:cherry)', 'cut-in(tomato:cherry)', 'cut-in(tomato:cherry)')",5
"('close(bottle)', 'shake(bottle)', 'open(bottle)')",5
"('close(bottle)', 'open(fridge)', 'put-in(bottle)')",5
"('pick-up(fork)', 'wash(fork)', 'put-in(fork)')",5
"('wash(plate)', 'put-in(plate)', 'pick-up(plate)')",5
"('flip(patty:tuna)', 'flip(patty:tuna)', 'flip(patty:tuna)')",5
"('pick-up(omelette)', 'put-on(tray:baking)', 'pick-up(omelette)')",5
"('turn-off(tap)', 'pour-into(water)', 'turn-on(tap)')",5
"('put(plate)', 'take(spoon)', 'mix(curry)')",5
"('take(bowl)', 'put(bowl)', 'take(bowl)')",5
"('put(bottle)', 'take(bottle)', 'put(bottle)')",5
"('clean(sink)', 'rinse(sponge)', 'clean(sink)')",5
"('wash(knife)', 'rinse(knife)', 'put-down(knife)')",5
"('wash(hand)', 'pick-up(paper)', 'tear(paper)')",5
"('flip(aubergine)', 'pick-up(aubergine)', 'put-down(aubergine)')",5
"('put-down(aubergine)', 'pick-up(salt)', 'pour(salt)')",5
"('put-down(fork)', 'take(fork)', 'rinse(fork)')",5
"('flip(aubergine)', 'put-down(fork)', 'wash(hand)')",5
"('open(oven)', 'pick-up(tray:baking)', 'put-down(tray:baking)')",5
"('pick-up(tray:baking)', 'put-down(tray:baking)', 'close(oven)')",5
"('open(fridge)', 'pick-up(cheese)', 'close(fridge)')",5
"('turn-on(tap)', 'rinse(lid)', 'turn-off(tap)')",5
"('sponge(plate)', 'turn-on(tap)', 'rinse(plate)')",5
"('turn-on(tap)', 'rinse(spoon:wooden)', 'turn-off(tap)')",5
"('sponge(spoon)', 'put-down(sponge)', 'turn-on(tap)')",5
"('rinse(spoon)', 'turn-off(tap)', 'put-down(spoon)')",5
"('put-down(sponge)', 'turn-on(tap)', 'rinse(glass)')",5
"('put-down(sponge)', 'turn-on(tap)', 'rinse(knife)')",5
"('press(button)', 'squeeze(orange)', 'press(button)')",5
"('squeeze(orange)', 'press(button)', 'throw(peel:orange)')",5
"('place-on(meat)', 'place-on(meat)', 'get(meat)')",5
"('put-on(nut:pine)', 'put-on(nut:pine)', 'pick-up(bag:pine:nut)')",5
"('rinse(pan)', 'turn-off(tap)', 'put-down(pan)')",5
"('rinse(board:chopping)', 'turn-off(tap)', 'put-down(board:chopping)')",5
"('pick-up(mug)', 'turn-on(tap)', 'fill-with(mug)')",5
"('take(thigh:chicken)', 'rinse(thigh:chicken)', 'put-in(thigh:chicken)')",5
"('smash(garlic)', 'peel(skin:garlic)', 'discard(skin:garlic)')",5
"('turn-on(tap)', 'rinse(plate)', 'put-down(plate)')",5
"('stir(food)', 'stir(food)', 'take(spoon)')",5
"('stir(food)', 'take(spoon)', 'spoon(rice)')",5
"('wash(glass)', 'turn-on(tap)', 'rinse(glass)')",5
"('wash(plate)', 'put(sponge)', 'turn-on(tap)')",5
"('rinse(pan)', 'rinse(pan)', 'turn-off(tap)')",5
"('turn-on(tap)', 'rinse(strainer)', 'turn-off(tap)')",5
"('pick-up(tomato)', 'put(tomato)', 'pick-up(tomato)')",5
"('turn-on(tap)', 'wash(hand)', 'wash(hand)')",5
"('open(drawer)', 'pick-up(spoon:wooden)', 'close(drawer)')",5
"('rinse(plate)', 'pick-up(sponge)', 'lather(plate)')",5
"('pick-up(liquid:washing:up)', 'pour(liquid:washing:up)', 'put-down(detergent)')",5
"('put-down(pancake:crispy)', 'pick-up(pancake:crispy)', 'put-down(pancake:crispy)')",5
"('put-down(glass)', 'put-down(glass)', 'put-down(glass)')",5
"('pick-up(pasta)', 'put-down(pasta)', 'put-down(plate)')",5
"('rinse(fork)', 'put-down(fork)', 'take(fork)')",5
"('open(fridge)', 'put-down(bottle)', 'close(fridge)')",5
"('put-into(dice:courgette)', 'move(slice:courgette)', 'dice(courgette)')",5
"('move(slice:courgette)', 'dice(courgette)', 'pick-up(dice:courgette)')",5
"('pick-up(leaf:pak:choi)', 'wash(leaf:pak:choi)', 'put-into(leaf:pak:choi)')",5
"('put-down(cloth)', 'pick-up(spatula)', 'stir(food)')",5
"('take(spatula)', 'stir(vegetable)', 'stir(vegetable)')",5
"('put-in(carrot)', 'put-in(carrot)', 'cut(carrot)')",5
"('cut-into(carrot)', 'take(carrot)', 'put-in(carrot)')",5
"('take(thigh:chicken)', 'debone(thigh:chicken)', 'debone(thigh:chicken)')",5
"('take(spoon)', 'wash(spoon)', 'put-down(spoon)')",5
"('debone(thigh:chicken)', 'debone(thigh:chicken)', 'put-down(bone:chicken)')",5
"('open(drawer)', 'take(fork)', 'close(drawer)')",5
