video_id,start_idx,end_idx,action_a,action_b,pattern,duration
P01_01,20,22,put-down(knife),close(drawer),put-down(knife) ↔ close(drawer),2.720000000000006
P01_01,37,39,cut(courgette),turn-on(hob),cut(courgette) ↔ turn-on(hob),22.11
P01_01,58,60,wash(celery),turn-on(tap),wash(celery) ↔ turn-on(tap),2.3100000000000023
P01_01,171,173,stir(vegetable),adjust(hob),stir(vegetable) ↔ adjust(hob),4.460000000000036
P01_01,220,222,stir(vegetable),adjust(hob),stir(vegetable) ↔ adjust(hob),9.659999999999968
P01_01,241,243,stir(vegetable),put-down(spatula),stir(vegetable) ↔ put-down(spatula),64.06999999999994
P01_01,295,297,stir(rice),turn-off(hob),stir(rice) ↔ turn-off(hob),38.01999999999998
P01_01,306,308,pour-into(rice),scoop(rice),pour-into(rice) ↔ scoop(rice),3.560000000000173
P01_01,307,309,scoop(rice),pour-into(rice),scoop(rice) ↔ pour-into(rice),3.9500000000000455
P01_01,317,319,scoop(rice),pour-into(rice),scoop(rice) ↔ pour-into(rice),5.569999999999936
P01_02,74,76,wash(pan),adjust(top),wash(pan) ↔ adjust(top),3.9599999999999795
P01_02,76,78,wash(pan),rinse(pan),wash(pan) ↔ rinse(pan),12.629999999999995
P01_02,77,79,rinse(pan),wash(pan),rinse(pan) ↔ wash(pan),16.389999999999986
P01_02,98,100,squeeze(sponge),take(rag),squeeze(sponge) ↔ take(rag),6.360000000000014
P01_03,6,8,take(container),put-back(container),take(container) ↔ put-back(container),3.6799999999999997
P01_05,42,44,put-down(cutlery),open(drawer),put-down(cutlery) ↔ open(drawer),6.0
P01_05,175,177,put-onto(sausage),adjust(hob),put-onto(sausage) ↔ adjust(hob),11.149999999999977
P01_05,180,182,hang(clothes),take(clothes),hang(clothes) ↔ take(clothes),11.589999999999918
P01_05,199,201,open(drawer),close(drawer),open(drawer) ↔ close(drawer),1.400000000000091
P01_05,219,221,adjust(hob),take(tong),adjust(hob) ↔ take(tong),5.2999999999999545
P01_05,243,245,wash(pan),put-down(pan:frying),wash(pan) ↔ put-down(pan:frying),6.360000000000127
P01_06,49,51,wash(pan),put-down(pan),wash(pan) ↔ put-down(pan),3.859999999999985
P01_06,101,103,wipe(sink),squeeze(cloth),wipe(sink) ↔ squeeze(cloth),3.8500000000000227
P01_06,105,107,turn-off(tap),rinse(cloth),turn-off(tap) ↔ rinse(cloth),3.5500000000000114
P01_09,32,34,put-down(bowl),close(cupboard),put-down(bowl) ↔ close(cupboard),4.989999999999995
P01_09,33,35,close(cupboard),put-down(bowl),close(cupboard) ↔ put-down(bowl),4.590000000000003
P01_09,39,41,check(water),wait(water),check(water) ↔ wait(water),2.5799999999999983
P01_09,117,119,knead(dough),sprinkle(flour),knead(dough) ↔ sprinkle(flour),15.110000000000014
P01_09,146,148,wash(counter),turn-off(tap),wash(counter) ↔ turn-off(tap),14.180000000000064
P01_09,227,229,cut(onion),take(knife),cut(onion) ↔ take(knife),10.179999999999836
P01_09,236,238,take(container),open(container),take(container) ↔ open(container),4.4500000000000455
P01_09,237,239,open(container),take(container),open(container) ↔ take(container),5.019999999999982
P01_09,270,272,slice(onion),peel(onion),slice(onion) ↔ peel(onion),14.810000000000173
P01_09,281,283,open(box:mushroom),take(knife),open(box:mushroom) ↔ take(knife),6.420000000000073
P01_09,298,300,take(mushroom),wash(mushroom),take(mushroom) ↔ wash(mushroom),5.620000000000118
P01_09,332,334,throw-into(bin),open(bin),throw-into(bin) ↔ open(bin),2.3899999999998727
P01_09,352,354,dry(hand),move(board:cutting),dry(hand) ↔ move(board:cutting),5.440000000000055
P01_09,364,366,take(olive),open(olive),take(olive) ↔ open(olive),6.669999999999845
P01_09,366,368,take(olive),eat(olive),take(olive) ↔ eat(olive),6.230000000000018
P01_09,437,439,take(paper:baking),take(scissors),take(paper:baking) ↔ take(scissors),8.230000000000018
P01_09,474,476,put-onto(aubergine),take(aubergine),put-onto(aubergine) ↔ take(aubergine),6.490000000000009
P01_09,475,477,take(aubergine),put-onto(aubergine),take(aubergine) ↔ put-onto(aubergine),6.5499999999999545
P01_09,476,478,put-onto(aubergine),take(aubergine),put-onto(aubergine) ↔ take(aubergine),5.850000000000136
P01_09,477,479,take(aubergine),put-onto(aubergine),take(aubergine) ↔ put-onto(aubergine),6.019999999999982
P01_09,478,480,put-onto(aubergine),take(aubergine),put-onto(aubergine) ↔ take(aubergine),5.929999999999836
P01_09,479,481,take(aubergine),put-onto(aubergine),take(aubergine) ↔ put-onto(aubergine),6.670000000000073
P01_09,480,482,put-onto(aubergine),take(aubergine),put-onto(aubergine) ↔ take(aubergine),10.930000000000064
P01_09,511,513,open(drawer),close(drawer),open(drawer) ↔ close(drawer),6.4699999999998
P01_09,516,518,roll(dough),move(tray),roll(dough) ↔ move(tray),7.369999999999891
P01_09,532,534,take(potato),place-onto(potato),take(potato) ↔ place-onto(potato),1.8200000000001637
P01_09,533,535,place-onto(potato),take(potato),place-onto(potato) ↔ take(potato),4.070000000000164
P01_09,536,538,take(onion),spread(onion),take(onion) ↔ spread(onion),8.329999999999927
P01_09,542,544,put-onto(onion),take(onion),put-onto(onion) ↔ take(onion),2.6600000000003092
P01_09,543,545,take(onion),put-onto(onion),take(onion) ↔ put-onto(onion),2.730000000000018
P01_09,544,546,put-onto(onion),take(onion),put-onto(onion) ↔ take(onion),1.8099999999999454
P01_09,558,560,spread(mozzarella),put-down(mozzarella),spread(mozzarella) ↔ put-down(mozzarella),8.270000000000437
P01_09,588,590,roll(dough),take(pin:rolling),roll(dough) ↔ take(pin:rolling),7.5099999999997635
P01_09,594,596,spread(dough),put-onto(dough),spread(dough) ↔ put-onto(dough),16.460000000000036
P01_09,629,631,take(olive),spread-onto(olive),take(olive) ↔ spread-onto(olive),14.260000000000218
P01_09,630,632,spread-onto(olive),take(olive),spread-onto(olive) ↔ take(olive),12.960000000000036
P01_09,634,636,take(olive),spread-onto(olive),take(olive) ↔ spread-onto(olive),3.599999999999909
P01_09,635,637,spread-onto(olive),take(olive),spread-onto(olive) ↔ take(olive),3.8400000000001455
P01_09,636,638,take(olive),spread-onto(olive),take(olive) ↔ spread-onto(olive),3.0400000000004184
P01_09,637,639,spread-onto(olive),take(olive),spread-onto(olive) ↔ take(olive),3.0599999999999454
P01_09,640,642,take(onion),place-onto(onion),take(onion) ↔ place-onto(onion),1.7200000000002547
P01_09,643,645,take(onion),put-onto(onion),take(onion) ↔ put-onto(onion),4.710000000000036
P01_09,753,755,wash(pin:rolling),turn-off(tap),wash(pin:rolling) ↔ turn-off(tap),17.740000000000236
P01_09,771,773,put-down(plate),take(plate),put-down(plate) ↔ take(plate),6.5300000000002
P01_09,782,784,rinse(plate),put-into(plate),rinse(plate) ↔ put-into(plate),8.509999999999764
P01_09,783,785,put-into(plate),rinse(plate),put-into(plate) ↔ rinse(plate),9.980000000000018
P01_09,821,823,wipe(counter),squeeze(cloth),wipe(counter) ↔ squeeze(cloth),13.409999999999854
P01_09,872,874,take(slice:pizza),put-onto(slice:pizza),take(slice:pizza) ↔ put-onto(slice:pizza),10.140000000000327
P01_09,873,875,put-onto(slice:pizza),take(slice:pizza),put-onto(slice:pizza) ↔ take(slice:pizza),10.019999999999982
P01_102,44,46,adjust(tap),take(plate),adjust(tap) ↔ take(plate),2.019999999999996
P01_102,63,65,rinse(wok),take(sponge),rinse(wok) ↔ take(sponge),4.699999999999989
P01_102,72,74,rinse(cloth),wipe(sink),rinse(cloth) ↔ wipe(sink),5.349999999999994
P01_102,73,75,wipe(sink),rinse(cloth),wipe(sink) ↔ rinse(cloth),3.4000000000000057
P01_102,76,78,wipe(sink),rinse(cloth),wipe(sink) ↔ rinse(cloth),2.0500000000000114
P01_102,81,83,rinse(cloth),put-down(sponge),rinse(cloth) ↔ put-down(sponge),2.3100000000000023
P01_102,100,102,wipe(surface),move(glass),wipe(surface) ↔ move(glass),1.6100000000000136
P01_103,20,22,attach-onto(knife),pick-up(knife),attach-onto(knife) ↔ pick-up(knife),1.9199999999999946
P01_103,34,36,put-into(cafetiere),open(cupboard),put-into(cafetiere) ↔ open(cupboard),4.170000000000002
P01_103,78,80,twist-off(cap),pour(milk),twist-off(cap) ↔ pour(milk),6.6299999999999955
P01_104,3,5,fold(towel:tea),put-down(towel:tea),fold(towel:tea) ↔ put-down(towel:tea),4.510000000000002
P01_104,29,31,wash(cup),empty(pot),wash(cup) ↔ empty(pot),10.620000000000005
P01_104,56,58,empty(pot),rinse(pot),empty(pot) ↔ rinse(pot),4.019999999999982
P01_104,69,71,wash(sink),rinse(cloth),wash(sink) ↔ rinse(cloth),1.3700000000000045
P01_104,70,72,rinse(cloth),wash(sink),rinse(cloth) ↔ wash(sink),1.75
P01_104,71,73,wash(sink),rinse(cloth),wash(sink) ↔ rinse(cloth),1.5600000000000023
P01_104,72,74,rinse(cloth),wash(sink),rinse(cloth) ↔ wash(sink),1.3100000000000023
P01_104,74,76,rinse(cloth),wipe(sink),rinse(cloth) ↔ wipe(sink),3.280000000000001
P01_104,80,82,rinse(cloth),wipe(surface),rinse(cloth) ↔ wipe(surface),3.6299999999999955
P01_104,82,84,rinse(cloth),wipe(sink),rinse(cloth) ↔ wipe(sink),2.3499999999999943
P01_105,0,2,pick-up(container),open(cupboard),pick-up(container) ↔ open(cupboard),2.7800000000000002
P01_105,4,6,open(container),put-down(lid),open(container) ↔ put-down(lid),2.0600000000000005
P01_105,5,7,put-down(lid),open(container),put-down(lid) ↔ open(container),2.38
P01_105,15,17,put-into(container),take(lid),put-into(container) ↔ take(lid),6.149999999999999
P01_105,17,19,put-into(container),put-into(lid),put-into(container) ↔ put-into(lid),4.850000000000001
P01_105,21,23,pick-up(lid),put-down(lid),pick-up(lid) ↔ put-down(lid),0.8599999999999994
P01_105,22,24,put-down(lid),pick-up(lid),put-down(lid) ↔ pick-up(lid),1.1600000000000001
P01_105,23,25,pick-up(lid),put-down(lid),pick-up(lid) ↔ put-down(lid),1.370000000000001
P01_105,236,238,move(slice:tofu),dice(tofu),move(slice:tofu) ↔ dice(tofu),7.480000000000018
P01_105,237,239,dice(tofu),move(slice:tofu),dice(tofu) ↔ move(slice:tofu),7.889999999999986
P01_105,249,251,pick-up(choi:pak),put-down(choi:pak),pick-up(choi:pak) ↔ put-down(choi:pak),2.1000000000000227
P01_105,317,319,pick-up(leaf:pak:choi),wash(leaf:pak:choi),pick-up(leaf:pak:choi) ↔ wash(leaf:pak:choi),3.67999999999995
P01_105,323,325,put-down(leaf:pak:choi),wash(leaf:pak:choi),put-down(leaf:pak:choi) ↔ wash(leaf:pak:choi),3.92999999999995
P01_105,350,352,pick-up(leaf:pak:choi),put-down(leaf:pak:choi),pick-up(leaf:pak:choi) ↔ put-down(leaf:pak:choi),1.4700000000000273
P01_105,351,353,put-down(leaf:pak:choi),pick-up(leaf:pak:choi),put-down(leaf:pak:choi) ↔ pick-up(leaf:pak:choi),2.240000000000009
P01_105,548,550,put-down(saucepan),close(cupboard),put-down(saucepan) ↔ close(cupboard),3.7999999999999545
P01_105,659,661,pick-up(noodle),put-down(noodle),pick-up(noodle) ↔ put-down(noodle),6.269999999999982
P01_105,660,662,put-down(noodle),pick-up(noodle),put-down(noodle) ↔ pick-up(noodle),6.0499999999999545
P01_105,707,709,rinse(hand),rinse(spatula),rinse(hand) ↔ rinse(spatula),1.9600000000000364
P01_105,769,771,pour-into(food),spoon(food),pour-into(food) ↔ spoon(food),10.950000000000273
P01_105,770,772,spoon(food),pour-into(food),spoon(food) ↔ pour-into(food),4.320000000000164
P01_105,771,773,pour-into(food),spoon(food),pour-into(food) ↔ spoon(food),5.049999999999727
P01_106,28,30,pour-into(food),spoon(food),pour-into(food) ↔ spoon(food),14.629999999999995
P01_106,29,31,spoon(food),pour-into(food),spoon(food) ↔ pour-into(food),5.349999999999994
P01_106,30,32,pour-into(food),spoon(food),pour-into(food) ↔ spoon(food),7.329999999999998
P01_106,41,43,pour-into(food),scrape(wok),pour-into(food) ↔ scrape(wok),11.680000000000007
P01_106,108,110,rinse(wok),pick-up(sponge),rinse(wok) ↔ pick-up(sponge),1.6999999999999886
P01_106,113,115,rinse(wok),rinse(sponge),rinse(wok) ↔ rinse(sponge),8.25
P01_106,139,141,put-onto(lid),close(container),put-onto(lid) ↔ close(container),2.670000000000016
P01_106,153,155,spray(product:cleaning),pick-up(timer),spray(product:cleaning) ↔ pick-up(timer),5.319999999999993
P01_106,158,160,pick-up(grill:hob),put-down(grill:hob),pick-up(grill:hob) ↔ put-down(grill:hob),3.0300000000000296
P01_106,159,161,put-down(grill:hob),pick-up(grill:hob),put-down(grill:hob) ↔ pick-up(grill:hob),2.5600000000000023
P01_106,172,174,wipe(surface),pick-up(plate),wipe(surface) ↔ pick-up(plate),17.55000000000001
P01_106,177,179,turn-on(tap),rinse(cloth),turn-on(tap) ↔ rinse(cloth),2.1899999999999977
P01_106,183,185,wipe(hob),move(grill:hob),wipe(hob) ↔ move(grill:hob),73.13999999999999
P01_106,197,199,pick-up(grill:hob),put-down(grill:hob),pick-up(grill:hob) ↔ put-down(grill:hob),4.840000000000032
P01_106,198,200,put-down(grill:hob),pick-up(grill:hob),put-down(grill:hob) ↔ pick-up(grill:hob),3.2899999999999636
P01_106,202,204,wipe(surface),lift(grill),wipe(surface) ↔ lift(grill),2.980000000000018
P01_106,208,210,wipe(surface),move-onto(dirt),wipe(surface) ↔ move-onto(dirt),14.399999999999977
P01_106,210,212,wipe(surface),throw(dirt),wipe(surface) ↔ throw(dirt),3.6299999999999955
P01_106,212,214,wipe(surface),put-onto(dirt),wipe(surface) ↔ put-onto(dirt),5.470000000000027
P01_106,214,216,wipe(surface),throw(dirt),wipe(surface) ↔ throw(dirt),4.009999999999991
P01_106,216,218,wipe(surface),pick-up(holder:pot),wipe(surface) ↔ pick-up(holder:pot),2.6900000000000546
P01_106,218,220,wipe(surface),put-down(holder:pot),wipe(surface) ↔ put-down(holder:pot),3.699999999999932
P01_106,220,222,wipe(surface),move-onto(dirt),wipe(surface) ↔ move-onto(dirt),5.550000000000068
P01_108,56,58,rinse(cup),empty(cup),rinse(cup) ↔ empty(cup),5.099999999999994
P01_108,57,59,empty(cup),rinse(cup),empty(cup) ↔ rinse(cup),4.029999999999987
P01_109,43,45,put-down(pan),pick-up(pan),put-down(pan) ↔ pick-up(pan),2.200000000000003
P01_109,71,73,put-down(slice:potato),pick-up(slice:potato),put-down(slice:potato) ↔ pick-up(slice:potato),2.1500000000000057
P01_109,72,74,pick-up(slice:potato),put-down(slice:potato),pick-up(slice:potato) ↔ put-down(slice:potato),3.4799999999999898
P01_109,73,75,put-down(slice:potato),pick-up(slice:potato),put-down(slice:potato) ↔ pick-up(slice:potato),3.9399999999999977
P01_109,74,76,pick-up(slice:potato),put-down(slice:potato),pick-up(slice:potato) ↔ put-down(slice:potato),2.8799999999999955
P01_109,79,81,put-down(slice:potato),pick-up(slice:potato),put-down(slice:potato) ↔ pick-up(slice:potato),1.3499999999999943
P01_109,80,82,pick-up(slice:potato),put-down(slice:potato),pick-up(slice:potato) ↔ put-down(slice:potato),1.3499999999999943
P01_109,81,83,put-down(slice:potato),pick-up(slice:potato),put-down(slice:potato) ↔ pick-up(slice:potato),2.0900000000000034
P01_109,82,84,pick-up(slice:potato),put-down(slice:potato),pick-up(slice:potato) ↔ put-down(slice:potato),3.0
P01_109,83,85,put-down(slice:potato),pick-up(slice:potato),put-down(slice:potato) ↔ pick-up(slice:potato),2.1599999999999966
P01_109,84,86,pick-up(slice:potato),put-down(slice:potato),pick-up(slice:potato) ↔ put-down(slice:potato),1.789999999999992
P01_109,85,87,put-down(slice:potato),pick-up(slice:potato),put-down(slice:potato) ↔ pick-up(slice:potato),1.75
P01_109,110,112,slice(potato),remove-from(bit:potato),slice(potato) ↔ remove-from(bit:potato),4.329999999999984
P01_109,112,114,slice(potato),remove-from(slice:potato),slice(potato) ↔ remove-from(slice:potato),5.330000000000041
P01_109,114,116,slice(potato),remove-from(potato),slice(potato) ↔ remove-from(potato),4.479999999999961
P01_109,118,120,pick-up(slice:potato),put-down(slice:potato),pick-up(slice:potato) ↔ put-down(slice:potato),3.580000000000041
P01_109,119,121,put-down(slice:potato),pick-up(slice:potato),put-down(slice:potato) ↔ pick-up(slice:potato),3.5500000000000114
P01_109,124,126,pick-up(slice:potato),put-down(slice:potato),pick-up(slice:potato) ↔ put-down(slice:potato),1.990000000000009
P01_109,139,141,pick-up(slice:potato),put-down(slice:potato),pick-up(slice:potato) ↔ put-down(slice:potato),1.4499999999999886
P01_109,140,142,put-down(slice:potato),pick-up(slice:potato),put-down(slice:potato) ↔ pick-up(slice:potato),1.7099999999999795
P01_109,141,143,pick-up(slice:potato),put-down(slice:potato),pick-up(slice:potato) ↔ put-down(slice:potato),1.5
P01_109,142,144,put-down(slice:potato),pick-up(slice:potato),put-down(slice:potato) ↔ pick-up(slice:potato),1.1999999999999886
P01_109,143,145,pick-up(slice:potato),put-down(slice:potato),pick-up(slice:potato) ↔ put-down(slice:potato),2.6100000000000136
P01_109,144,146,put-down(slice:potato),pick-up(slice:potato),put-down(slice:potato) ↔ pick-up(slice:potato),2.830000000000041
P01_109,149,151,pick-up(slice:potato),put-down(slice:potato),pick-up(slice:potato) ↔ put-down(slice:potato),3.019999999999982
P01_109,150,152,put-down(slice:potato),pick-up(slice:potato),put-down(slice:potato) ↔ pick-up(slice:potato),4.550000000000011
P01_109,182,184,scoop(salt),sprinkle(salt),scoop(salt) ↔ sprinkle(salt),6.0499999999999545
P01_109,183,185,sprinkle(salt),scoop(salt),sprinkle(salt) ↔ scoop(salt),3.740000000000009
P01_109,184,186,scoop(salt),sprinkle(salt),scoop(salt) ↔ sprinkle(salt),2.8600000000000136
P01_109,185,187,sprinkle(salt),scoop(salt),sprinkle(salt) ↔ scoop(salt),2.57000000000005
P01_109,190,192,move(skin:potato),move(board:cutting),move(skin:potato) ↔ move(board:cutting),1.6399999999999864
P01_109,197,199,gather(skin:potato),move(rest:pot),gather(skin:potato) ↔ move(rest:pot),2.3099999999999454
P01_109,199,201,gather(skin:potato),pick-up(skin:potato),gather(skin:potato) ↔ pick-up(skin:potato),3.7700000000000955
P01_109,207,209,shake(hand),close(bin:food),shake(hand) ↔ close(bin:food),2.2000000000000455
P01_109,241,243,adjust(hob),stir(potato),adjust(hob) ↔ stir(potato),18.600000000000023
P01_109,242,244,stir(potato),adjust(hob),stir(potato) ↔ adjust(hob),18.889999999999986
P01_109,307,309,dice(onion),wipe(knife),dice(onion) ↔ wipe(knife),18.729999999999905
P01_109,345,347,put-down(spatula),pick-up(spatula),put-down(spatula) ↔ pick-up(spatula),3.3899999999998727
P01_109,401,403,scoop(salt),sprinkle(salt),scoop(salt) ↔ sprinkle(salt),2.7000000000000455
P01_109,402,404,sprinkle(salt),scoop(salt),sprinkle(salt) ↔ scoop(salt),1.6699999999998454
P01_109,437,439,stir(potato),tap(spatula),stir(potato) ↔ tap(spatula),25.070000000000164
P01_109,439,441,stir(potato),split(potato),stir(potato) ↔ split(potato),49.819999999999936
P01_109,452,454,split(potato),stir(potato),split(potato) ↔ stir(potato),20.809999999999945
P01_109,453,455,stir(potato),split(potato),stir(potato) ↔ split(potato),69.24000000000001
P01_109,471,473,stir(potato),split(potato),stir(potato) ↔ split(potato),10.0
P01_109,472,474,split(potato),stir(potato),split(potato) ↔ stir(potato),15.240000000000009
P01_109,553,555,stir(food),split(potato),stir(food) ↔ split(potato),14.139999999999873
P01_109,615,617,stir(food),split(potato),stir(food) ↔ split(potato),19.720000000000255
P01_109,617,619,stir(food),tap(spatula),stir(food) ↔ tap(spatula),7.529999999999745
P01_109,633,635,wipe(surface),put-down(glass),wipe(surface) ↔ put-down(glass),4.190000000000055
P01_109,683,685,dry(hand),adjust(hob),dry(hand) ↔ adjust(hob),5.539999999999964
P01_109,698,700,shake(spatula),move-around(spatula),shake(spatula) ↔ move-around(spatula),36.070000000000164
P01_109,712,714,pat-down(omelette),move-around(spatula),pat-down(omelette) ↔ move-around(spatula),23.34999999999991
P01_109,765,767,dry(hand),put-down(cloth),dry(hand) ↔ put-down(cloth),10.489999999999782
P01_109,800,802,wash(pan),empty(pan),wash(pan) ↔ empty(pan),23.580000000000382
P01_109,820,822,wash(pan),empty(pan),wash(pan) ↔ empty(pan),15.6899999999996
P01_109,821,823,empty(pan),wash(pan),empty(pan) ↔ wash(pan),19.140000000000327
P01_109,824,826,rinse(sponge),put-onto(pan),rinse(sponge) ↔ put-onto(pan),1.6299999999996544
P01_109,832,834,wipe(surface),move(glass),wipe(surface) ↔ move(glass),4.7800000000002
P01_109,841,843,throw-into(bit:food),pick-up(bit:food),throw-into(bit:food) ↔ pick-up(bit:food),3.949999999999818
P01_109,887,889,open(cupboard),close(cupboard),open(cupboard) ↔ close(cupboard),2.9200000000000728
P01_109,888,890,close(cupboard),open(cupboard),close(cupboard) ↔ open(cupboard),2.599999999999909
P01_109,910,912,pick-up(beer),put-down(beer),pick-up(beer) ↔ put-down(beer),2.2899999999999636
P01_10,6,8,put-down(pizza),take-out(pizza),put-down(pizza) ↔ take-out(pizza),13.81
P01_10,21,23,take(slice:pizza),put-onto(slice:pizza),take(slice:pizza) ↔ put-onto(slice:pizza),17.64
P01_10,22,24,put-onto(slice:pizza),take(slice:pizza),put-onto(slice:pizza) ↔ take(slice:pizza),16.120000000000005
P01_16,30,32,put-down(fork),put-down(spoon),put-down(fork) ↔ put-down(spoon),2.739999999999995
P01_16,62,64,close(cupboard),take(cup),close(cupboard) ↔ take(cup),2.8400000000000034
P01_17,34,36,put-into(lettuce),open(fridge),put-into(lettuce) ↔ open(fridge),7.759999999999991
P01_17,59,61,put-down(leaf:lettuce),turn-off(tap),put-down(leaf:lettuce) ↔ turn-off(tap),7.989999999999981
P01_17,71,73,pour-into(lettuce),move(container),pour-into(lettuce) ↔ move(container),3.170000000000016
P01_17,72,74,move(container),pour-into(lettuce),move(container) ↔ pour-into(lettuce),15.339999999999975
P01_17,244,246,rinse(colander),take(spoon),rinse(colander) ↔ take(spoon),9.620000000000005
P01_17,257,259,wipe(sink),turn-off(tap),wipe(sink) ↔ turn-off(tap),5.2000000000000455
P01_18,188,190,close(cupboard),take(saucepan),close(cupboard) ↔ take(saucepan),4.060000000000059
P01_18,205,207,take(olive),eat(olive),take(olive) ↔ eat(olive),5.159999999999968
P01_18,250,252,turn-off(tap),turn-on(tap),turn-off(tap) ↔ turn-on(tap),4.9099999999998545
P01_18,254,256,pour-into(water),drink(water),pour-into(water) ↔ drink(water),11.659999999999854
P01_18,255,257,drink(water),pour-into(water),drink(water) ↔ pour-into(water),10.559999999999945
P01_18,275,277,take(container),open(container),take(container) ↔ open(container),13.939999999999827
P01_18,415,417,cut(mushroom),stir(food),cut(mushroom) ↔ stir(food),21.660000000000082
P01_18,416,418,stir(food),cut(mushroom),stir(food) ↔ cut(mushroom),7.670000000000073
P01_18,417,419,cut(mushroom),stir(food),cut(mushroom) ↔ stir(food),9.899999999999864
P01_18,418,420,stir(food),cut(mushroom),stir(food) ↔ cut(mushroom),24.799999999999955
P01_18,433,435,spoon(stock),pour(stock),spoon(stock) ↔ pour(stock),5.370000000000118
P01_18,434,436,pour(stock),spoon(stock),pour(stock) ↔ spoon(stock),6.820000000000164
P01_18,435,437,spoon(stock),pour(stock),spoon(stock) ↔ pour(stock),6.509999999999991
P01_18,528,530,adjust(hob),put-down(spatula),adjust(hob) ↔ put-down(spatula),11.0
P01_18,581,583,stir(food),pat(rice),stir(food) ↔ pat(rice),36.86999999999989
P01_18,591,593,spoon(stock),pour(stock),spoon(stock) ↔ pour(stock),5.679999999999836
P01_18,592,594,pour(stock),spoon(stock),pour(stock) ↔ spoon(stock),6.2800000000002
P01_18,621,623,pour(stock),spoon(stock),pour(stock) ↔ spoon(stock),1.5300000000002
P01_18,640,642,stir(food),turn-off(hob),stir(food) ↔ turn-off(hob),57.11999999999989
P01_18,661,663,spoon(risotto),pour-onto(plate),spoon(risotto) ↔ pour-onto(plate),6.2599999999997635
P01_18,662,664,pour-onto(plate),spoon(risotto),pour-onto(plate) ↔ spoon(risotto),5.869999999999891
P01_18,663,665,spoon(risotto),pour-onto(plate),spoon(risotto) ↔ pour-onto(plate),5.4900000000002365
P01_18,664,666,pour-onto(plate),spoon(risotto),pour-onto(plate) ↔ spoon(risotto),5.450000000000273
P01_18,669,671,spoon(risotto),pour-into(container),spoon(risotto) ↔ pour-into(container),5.050000000000182
P01_18,670,672,pour-into(container),spoon(risotto),pour-into(container) ↔ spoon(risotto),4.460000000000036
P01_18,671,673,spoon(risotto),pour-into(container),spoon(risotto) ↔ pour-into(container),5.170000000000073
P01_18,672,674,pour-into(container),spoon(risotto),pour-into(container) ↔ spoon(risotto),7.130000000000109
P01_19,35,37,wash(saucepan),put-down(saucepan),wash(saucepan) ↔ put-down(saucepan),23.269999999999996
P01_19,46,48,rinse(saucepan),wash(saucepan),rinse(saucepan) ↔ wash(saucepan),23.650000000000006
P01_19,99,101,wipe(counter),squeeze(cloth),wipe(counter) ↔ squeeze(cloth),11.859999999999957
P01_19,106,108,wipe(counter),move(tray),wipe(counter) ↔ move(tray),10.479999999999961
P02_01,11,13,close(cupboard),put(cup),close(cupboard) ↔ put(cup),6.5
P02_01,13,15,close(cupboard),pick(plate),close(cupboard) ↔ pick(plate),4.410000000000004
P02_01,76,78,press(button),wait-for(coffee),press(button) ↔ wait-for(coffee),1.089999999999975
P02_02,19,21,pick-up(knife),wash(knife),pick-up(knife) ↔ wash(knife),2.780000000000001
P02_02,20,22,wash(knife),pick-up(knife),wash(knife) ↔ pick-up(knife),2.8699999999999974
P02_02,23,25,pick-up(spoon),wash(spoon),pick-up(spoon) ↔ wash(spoon),3.3599999999999994
P02_02,24,26,wash(spoon),pick-up(spoon),wash(spoon) ↔ pick-up(spoon),3.8299999999999983
P02_02,28,30,rinse(spoon),put-down(spoon),rinse(spoon) ↔ put-down(spoon),2.519999999999996
P02_02,29,31,put-down(spoon),rinse(spoon),put-down(spoon) ↔ rinse(spoon),1.769999999999996
P02_02,32,34,rinse(knife),put-down(knife),rinse(knife) ↔ put-down(knife),3.200000000000003
P02_02,33,35,put-down(knife),rinse(knife),put-down(knife) ↔ rinse(knife),2.4599999999999937
P02_03,11,13,put(pan),put(lid),put(pan) ↔ put(lid),5.689999999999998
P02_03,74,76,put(towel),pick-up(towel),put(towel) ↔ pick-up(towel),4.349999999999994
P02_03,80,82,open(tupperware),put(plate),open(tupperware) ↔ put(plate),3.6200000000000045
P02_03,97,99,chop(end:onion),peel(onion),chop(end:onion) ↔ peel(onion),25.120000000000005
P02_03,98,100,peel(onion),chop(end:onion),peel(onion) ↔ chop(end:onion),25.149999999999977
P02_03,111,113,fill(kettle),turn-on(tap),fill(kettle) ↔ turn-on(tap),0.4900000000000091
P02_03,128,130,chop(onion),chop(slice:onion),chop(onion) ↔ chop(slice:onion),44.39000000000004
P02_03,241,243,pick-up(board:chopping),chop(onion:few),pick-up(board:chopping) ↔ chop(onion:few),9.18999999999994
P02_03,283,285,put-into(cheese),scoop(cheese:more),put-into(cheese) ↔ scoop(cheese:more),3.1200000000000045
P02_03,313,315,increase(heat),hold(pan),increase(heat) ↔ hold(pan),7.4099999999998545
P02_03,314,316,hold(pan),increase(heat),hold(pan) ↔ increase(heat),6.8599999999999
P02_06,5,7,put(plate),pick-up(plate),put(plate) ↔ pick-up(plate),4.699999999999999
P02_06,32,34,open(drawer),put(spoon),open(drawer) ↔ put(spoon),6.849999999999994
P02_06,57,59,pick-up(knife),wash(knife),pick-up(knife) ↔ wash(knife),3.4700000000000273
P02_06,58,60,wash(knife),pick-up(knife),wash(knife) ↔ pick-up(knife),2.8899999999999864
P02_06,61,63,pick-up(spoon),wash(spoon),pick-up(spoon) ↔ wash(spoon),3.3200000000000216
P02_06,62,64,wash(spoon),pick-up(spoon),wash(spoon) ↔ pick-up(spoon),3.5200000000000102
P02_06,63,65,pick-up(spoon),wash(spoon),pick-up(spoon) ↔ wash(spoon),3.3799999999999955
P02_06,64,66,wash(spoon),pick-up(spoon),wash(spoon) ↔ pick-up(spoon),3.2299999999999898
P02_06,76,78,rinse(spoon),put(spoon),rinse(spoon) ↔ put(spoon),2.4499999999999886
P02_06,77,79,put(spoon),rinse(spoon),put(spoon) ↔ rinse(spoon),1.950000000000017
P02_06,124,126,empty(sink),empty(water),empty(sink) ↔ empty(water),24.939999999999998
P02_06,167,169,remove(leaf),put(leaf),remove(leaf) ↔ put(leaf),1.740000000000009
P02_06,168,170,put(leaf),remove(leaf),put(leaf) ↔ remove(leaf),2.1499999999999773
P02_06,169,171,remove(leaf),put(leaf),remove(leaf) ↔ put(leaf),2.2100000000000364
P02_06,170,172,put(leaf),remove(leaf),put(leaf) ↔ remove(leaf),1.4800000000000182
P02_06,171,173,remove(leaf),put(leaf),remove(leaf) ↔ put(leaf),1.6299999999999955
P02_06,186,188,pick-up(lettuce),put-on(lettuce),pick-up(lettuce) ↔ put-on(lettuce),2.4500000000000455
P02_06,188,190,pick-up(lettuce),put(lettuce),pick-up(lettuce) ↔ put(lettuce),1.8999999999999773
P02_06,189,191,put(lettuce),pick-up(lettuce),put(lettuce) ↔ pick-up(lettuce),1.5499999999999545
P02_06,198,200,put(tomato),pick-up(tomato),put(tomato) ↔ pick-up(tomato),1.67999999999995
P02_06,199,201,pick-up(tomato),put(tomato),pick-up(tomato) ↔ put(tomato),1.759999999999991
P02_06,225,227,pick-up(cucumber),put(cucumber),pick-up(cucumber) ↔ put(cucumber),2.699999999999932
P02_06,226,228,put(cucumber),pick-up(cucumber),put(cucumber) ↔ pick-up(cucumber),2.990000000000009
P02_06,244,246,turn-on(tap),rinse(corn:sweet),turn-on(tap) ↔ rinse(corn:sweet),6.730000000000018
P02_06,265,267,open(drawer),close(drawer),open(drawer) ↔ close(drawer),1.740000000000009
P02_07,48,50,mix(mayonnaise),hold(plate),mix(mayonnaise) ↔ hold(plate),2.759999999999991
P02_08,13,15,put-on(plate),pick-up(ring:onion),put-on(plate) ↔ pick-up(ring:onion),3.3100000000000023
P02_08,19,21,hold(tray),slide-onto(ring:onion),hold(tray) ↔ slide-onto(ring:onion),7.759999999999998
P02_09,111,113,mix(mixture),remove-from(remainder:mixture),mix(mixture) ↔ remove-from(remainder:mixture),9.600000000000023
P02_09,154,156,get(towel),search(towel),get(towel) ↔ search(towel),2.9300000000000637
P02_09,159,161,cover(bowl),move(yeast),cover(bowl) ↔ move(yeast),1.8600000000000136
P02_09,271,273,stir(onion),hold(pan),stir(onion) ↔ hold(pan),6.220000000000027
P02_09,273,275,stir(onion),open(ventilator),stir(onion) ↔ open(ventilator),28.950000000000045
P02_09,283,285,stir(onion),close(cupboard),stir(onion) ↔ close(cupboard),6.910000000000082
P02_09,285,287,stir(onion),hold(pan),stir(onion) ↔ hold(pan),7.139999999999873
P02_09,290,292,stir(onion),hold(pan),stir(onion) ↔ hold(pan),7.160000000000082
P02_09,297,299,stir(onion),hold(pan),stir(onion) ↔ hold(pan),10.579999999999927
P02_09,307,309,put-in(pan),break-into(meat),put-in(pan) ↔ break-into(meat),12.690000000000055
P02_09,336,338,turn-in(meat),break-in(meat),turn-in(meat) ↔ break-in(meat),31.660000000000082
P02_09,337,339,break-in(meat),turn-in(meat),break-in(meat) ↔ turn-in(meat),22.200000000000045
P02_09,346,348,turn(meat),break(meat),turn(meat) ↔ break(meat),5.460000000000036
P02_09,350,352,turn(meat),break(meat),turn(meat) ↔ break(meat),3.0800000000001546
P02_09,351,353,break(meat),turn(meat),break(meat) ↔ turn(meat),3.4300000000000637
P02_09,352,354,turn(meat),break(meat),turn(meat) ↔ break(meat),14.909999999999854
P02_09,355,357,turn(meat),hold(pan),turn(meat) ↔ hold(pan),2.8200000000001637
P02_09,389,391,hold(glass),stir(stock),hold(glass) ↔ stir(stock),3.980000000000018
P02_09,390,392,stir(stock),hold(glass),stir(stock) ↔ hold(glass),5.569999999999936
P02_09,395,397,stir(stock),carry(glass),stir(stock) ↔ carry(glass),2.990000000000009
P02_09,421,423,put(plate),pick-up(plate),put(plate) ↔ pick-up(plate),7.430000000000064
P02_09,422,424,pick-up(plate),put(plate),pick-up(plate) ↔ put(plate),6.710000000000036
P02_09,423,425,put(plate),pick-up(plate),put(plate) ↔ pick-up(plate),4.679999999999836
P02_09,473,475,pick(spoon),wash(spoon),pick(spoon) ↔ wash(spoon),3.269999999999982
P02_09,474,476,wash(spoon),pick(spoon),wash(spoon) ↔ pick(spoon),3.5
P02_09,475,477,pick(spoon),wash(spoon),pick(spoon) ↔ wash(spoon),3.75
P02_09,476,478,wash(spoon),pick(spoon),wash(spoon) ↔ pick(spoon),3.5700000000001637
P02_101,57,59,pick-up(bread),put-in(bread),pick-up(bread) ↔ put-in(bread),1.8200000000000216
P02_101,58,60,put-in(bread),pick-up(bread),put-in(bread) ↔ pick-up(bread),2.3400000000000034
P02_101,74,76,put-on(jam),scoop(jam),put-on(jam) ↔ scoop(jam),1.7700000000000102
P02_102,23,25,pick-up(bag),put-down(bag),pick-up(bag) ↔ put-down(bag),1.7399999999999949
P02_102,24,26,put-down(bag),pick-up(bag),put-down(bag) ↔ pick-up(bag),1.0799999999999983
P02_102,26,28,put-down(bag),pick-up(box),put-down(bag) ↔ pick-up(box),1.3999999999999986
P02_102,42,44,pick-up(bag),put-down(bag),pick-up(bag) ↔ put-down(bag),1.8400000000000034
P02_102,43,45,put-down(bag),pick-up(bag),put-down(bag) ↔ pick-up(bag),2.260000000000005
P02_102,48,50,pick-up(box),put-down(box:meat),pick-up(box) ↔ put-down(box:meat),2.760000000000005
P02_102,95,97,shake(bottle),hit(bottle),shake(bottle) ↔ hit(bottle),3.9299999999999784
P02_102,96,98,hit(bottle),shake(bottle),hit(bottle) ↔ shake(bottle),8.030000000000001
P02_103,9,11,shake(bottle),put-in(knife),shake(bottle) ↔ put-in(knife),2.1199999999999974
P02_103,11,13,shake(bottle),hit(bottle),shake(bottle) ↔ hit(bottle),9.329999999999998
P02_104,132,134,open(cupboard),move(tray),open(cupboard) ↔ move(tray),5.96999999999997
P02_105,3,5,pick-up(knife),put-down(knife),pick-up(knife) ↔ put-down(knife),2.76
P02_105,79,81,pick-up(knife),sponge(knife),pick-up(knife) ↔ sponge(knife),4.560000000000002
P02_105,80,82,sponge(knife),pick-up(knife),sponge(knife) ↔ pick-up(knife),4.0800000000000125
P02_105,89,91,pick-up(fork),sponge(fork),pick-up(fork) ↔ sponge(fork),2.940000000000026
P02_105,90,92,sponge(fork),pick-up(fork),sponge(fork) ↔ pick-up(fork),3.680000000000007
P02_105,94,96,rinse(fork),put-down(fork),rinse(fork) ↔ put-down(fork),1.3300000000000125
P02_105,95,97,put-down(fork),rinse(fork),put-down(fork) ↔ rinse(fork),1.4099999999999966
P02_105,126,128,pick-up(spoon:wooden),sponge(spoon:wooden),pick-up(spoon:wooden) ↔ sponge(spoon:wooden),2.8200000000000216
P02_105,127,129,sponge(spoon:wooden),pick-up(spoon:wooden),sponge(spoon:wooden) ↔ pick-up(spoon:wooden),5.299999999999983
P02_105,171,173,put-down(box),pick-up(box),put-down(box) ↔ pick-up(box),2.1000000000000227
P02_107,42,44,turn-off(machine:coffee),turn-on(machine:coffee),turn-off(machine:coffee) ↔ turn-on(machine:coffee),9.350000000000009
P02_107,45,47,stir(coffee),pick-up(mug),stir(coffee) ↔ pick-up(mug),1.5400000000000063
P02_108,17,19,pick-up(biscuit),put-in(biscuit),pick-up(biscuit) ↔ put-in(biscuit),5.899999999999999
P02_108,18,20,put-in(biscuit),pick-up(biscuit),put-in(biscuit) ↔ pick-up(biscuit),3.940000000000005
P02_108,19,21,pick-up(biscuit),put-in(biscuit),pick-up(biscuit) ↔ put-in(biscuit),4.050000000000004
P02_108,20,22,put-in(biscuit),pick-up(biscuit),put-in(biscuit) ↔ pick-up(biscuit),3.519999999999996
P02_108,21,23,pick-up(biscuit),put-in(biscuit),pick-up(biscuit) ↔ put-in(biscuit),3.1099999999999994
P02_108,22,24,put-in(biscuit),pick-up(biscuit),put-in(biscuit) ↔ pick-up(biscuit),3.3999999999999986
P02_108,23,25,pick-up(biscuit),put-in(biscuit),pick-up(biscuit) ↔ put-in(biscuit),3.1099999999999994
P02_108,24,26,put-in(biscuit),pick-up(biscuit),put-in(biscuit) ↔ pick-up(biscuit),2.8300000000000054
P02_108,50,52,pour-from(flour),return-to(glass),pour-from(flour) ↔ return-to(glass),4.949999999999989
P02_108,69,71,scoop(spoon:yeast),pour-into(yeast),scoop(spoon:yeast) ↔ pour-into(yeast),5.1299999999999955
P02_108,70,72,pour-into(yeast),scoop(spoon:yeast),pour-into(yeast) ↔ scoop(spoon:yeast),3.3300000000000125
P02_108,81,83,scoop(spoon:sugar),pour-into(sugar),scoop(spoon:sugar) ↔ pour-into(sugar),3.4499999999999886
P02_108,82,84,pour-into(sugar),scoop(spoon:sugar),pour-into(sugar) ↔ scoop(spoon:sugar),2.5200000000000102
P02_108,193,195,open(drawer),close(drawer),open(drawer) ↔ close(drawer),2.7000000000000455
P02_108,355,357,press(button),squeeze(orange),press(button) ↔ squeeze(orange),4.820000000000164
P02_108,361,363,press(button),squeeze(orange),press(button) ↔ squeeze(orange),5.529999999999973
P02_108,373,375,press(button),squeeze(orange),press(button) ↔ squeeze(orange),5.7000000000000455
P02_108,379,381,press(button),squeeze(orange),press(button) ↔ squeeze(orange),6.629999999999882
P02_108,385,387,press(button),squeeze(orange),press(button) ↔ squeeze(orange),10.680000000000064
P02_109,3,5,rinse(board:chopping),sponge(board:chopping),rinse(board:chopping) ↔ sponge(board:chopping),7.16
P02_109,26,28,peel(onion),throw(peel:onion),peel(onion) ↔ throw(peel:onion),6.680000000000007
P02_109,27,29,throw(peel:onion),peel(onion),throw(peel:onion) ↔ peel(onion),4.540000000000006
P02_109,31,33,cut(end:onion),peel(onion),cut(end:onion) ↔ peel(onion),11.429999999999993
P02_109,32,34,peel(onion),cut(end:onion),peel(onion) ↔ cut(end:onion),11.61999999999999
P02_109,33,35,cut(end:onion),peel(onion),cut(end:onion) ↔ peel(onion),11.200000000000017
P02_109,34,36,peel(onion),cut(end:onion),peel(onion) ↔ cut(end:onion),10.370000000000005
P02_109,37,39,peel(onion),cut(end:onion),peel(onion) ↔ cut(end:onion),7.950000000000017
P02_109,38,40,cut(end:onion),peel(onion),cut(end:onion) ↔ peel(onion),8.099999999999994
P02_109,96,98,peel(garlic),put-down(garlic),peel(garlic) ↔ put-down(garlic),9.210000000000036
P02_109,97,99,put-down(garlic),peel(garlic),put-down(garlic) ↔ peel(garlic),16.930000000000007
P02_109,135,137,take-from(meat),distribute-in(meat),take-from(meat) ↔ distribute-in(meat),5.560000000000059
P02_109,136,138,distribute-in(meat),take-from(meat),distribute-in(meat) ↔ take-from(meat),4.42999999999995
P02_109,139,141,take(meat),distribute(meat),take(meat) ↔ distribute(meat),5.050000000000068
P02_109,140,142,distribute(meat),take(meat),distribute(meat) ↔ take(meat),5.240000000000009
P02_109,141,143,take(meat),distribute(meat),take(meat) ↔ distribute(meat),6.909999999999968
P02_109,142,144,distribute(meat),take(meat),distribute(meat) ↔ take(meat),4.889999999999986
P02_109,143,145,take(meat),distribute(meat),take(meat) ↔ distribute(meat),2.909999999999968
P02_109,144,146,distribute(meat),take(meat),distribute(meat) ↔ take(meat),3.07000000000005
P02_109,149,151,break(meat),adjust(heat),break(meat) ↔ adjust(heat),7.5
P02_109,152,154,turn-in(meat),adjust(heat),turn-in(meat) ↔ adjust(heat),62.629999999999995
P02_110,41,43,stir-in(meat),adjust(heat),stir-in(meat) ↔ adjust(heat),11.980000000000004
P02_110,42,44,adjust(heat),stir-in(meat),adjust(heat) ↔ stir-in(meat),19.400000000000006
P02_110,43,45,stir-in(meat),adjust(heat),stir-in(meat) ↔ adjust(heat),21.579999999999984
P02_111,5,7,stir-in(meat),adjust(heat),stir-in(meat) ↔ adjust(heat),11.22
P02_111,7,9,stir-in(meat),turn-off(heat),stir-in(meat) ↔ turn-off(heat),9.219999999999999
P02_112,55,57,pour-from(spice),open(jar),pour-from(spice) ↔ open(jar),1.1699999999999875
P02_112,78,80,spread-on(oil),hold(tray:first),spread-on(oil) ↔ hold(tray:first),11.909999999999997
P02_112,156,158,knead(dough),shape(ball:dough),knead(dough) ↔ shape(ball:dough),21.539999999999964
P02_112,157,159,shape(ball:dough),knead(dough),shape(ball:dough) ↔ knead(dough),3.42999999999995
P02_112,218,220,pick-up(meat),place(meat),pick-up(meat) ↔ place(meat),6.579999999999927
P02_112,221,223,place-on(meat),get(meat),place-on(meat) ↔ get(meat),3.419999999999959
P02_112,223,225,place-on(meat),pick-from(meat),place-on(meat) ↔ pick-from(meat),2.3600000000000136
P02_112,228,230,get(meat),place-on(meat),get(meat) ↔ place-on(meat),3.0399999999999636
P02_112,229,231,place-on(meat),get(meat),place-on(meat) ↔ get(meat),6.149999999999977
P02_112,230,232,get(meat),place-on(meat),get(meat) ↔ place-on(meat),8.280000000000086
P02_112,231,233,place-on(meat),get(meat),place-on(meat) ↔ get(meat),5.089999999999918
P02_112,232,234,get(meat),place-on(meat),get(meat) ↔ place-on(meat),3.42999999999995
P02_112,233,235,place-on(meat),get(meat),place-on(meat) ↔ get(meat),4.730000000000018
P02_112,234,236,get(meat),place-on(meat),get(meat) ↔ place-on(meat),5.039999999999964
P02_112,235,237,place-on(meat),get(meat),place-on(meat) ↔ get(meat),7.1200000000000045
P02_112,236,238,get(meat),place-on(meat),get(meat) ↔ place-on(meat),6.970000000000027
P02_112,237,239,place-on(meat),get(meat),place-on(meat) ↔ get(meat),4.360000000000014
P02_112,238,240,get(meat),place-on(meat),get(meat) ↔ place-on(meat),5.019999999999982
P02_112,239,241,place-on(meat),get(meat),place-on(meat) ↔ get(meat),5.080000000000041
P02_112,240,242,get(meat),place-on(meat),get(meat) ↔ place-on(meat),5.600000000000023
P02_112,241,243,place-on(meat),get(meat),place-on(meat) ↔ get(meat),4.819999999999936
P02_112,242,244,get(meat),place-on(meat),get(meat) ↔ place-on(meat),3.3600000000000136
P02_112,243,245,place-on(meat),get(meat),place-on(meat) ↔ get(meat),3.769999999999982
P02_112,244,246,get(meat),place-on(meat),get(meat) ↔ place-on(meat),4.970000000000027
P02_112,245,247,place-on(meat),get(meat),place-on(meat) ↔ get(meat),4.840000000000032
P02_112,246,248,get(meat),place-on(meat),get(meat) ↔ place-on(meat),1.990000000000009
P02_112,247,249,place-on(meat),get(meat),place-on(meat) ↔ get(meat),3.9600000000000364
P02_112,251,253,get(meat),place-on(meat),get(meat) ↔ place-on(meat),4.67999999999995
P02_112,252,254,place-on(meat),get(meat),place-on(meat) ↔ get(meat),4.690000000000055
P02_112,253,255,get(meat),place-on(meat),get(meat) ↔ place-on(meat),5.760000000000105
P02_112,254,256,place-on(meat),get(meat),place-on(meat) ↔ get(meat),5.189999999999941
P02_112,263,265,place-on(meat),pick-from(meat),place-on(meat) ↔ pick-from(meat),4.580000000000155
P02_112,265,267,place-on(meat),get(meat),place-on(meat) ↔ get(meat),6.0499999999999545
P02_112,266,268,get(meat),place-on(meat),get(meat) ↔ place-on(meat),4.490000000000009
P02_112,267,269,place-on(meat),get(meat),place-on(meat) ↔ get(meat),5.059999999999945
P02_112,268,270,get(meat),place-on(meat),get(meat) ↔ place-on(meat),3.2999999999999545
P02_112,269,271,place-on(meat),get(meat),place-on(meat) ↔ get(meat),5.029999999999973
P02_112,270,272,get(meat),place-on(meat),get(meat) ↔ place-on(meat),5.870000000000118
P02_112,271,273,place-on(meat),get(meat),place-on(meat) ↔ get(meat),4.539999999999964
P02_112,272,274,get(meat),place-on(meat),get(meat) ↔ place-on(meat),3.7199999999998
P02_112,273,275,place-on(meat),get(meat),place-on(meat) ↔ get(meat),4.550000000000182
P02_112,274,276,get(meat),place-on(meat),get(meat) ↔ place-on(meat),5.560000000000173
P02_112,275,277,place-on(meat),get(meat),place-on(meat) ↔ get(meat),4.189999999999827
P02_112,276,278,get(meat),place-on(meat),get(meat) ↔ place-on(meat),4.809999999999945
P02_112,277,279,place-on(meat),get(meat),place-on(meat) ↔ get(meat),5.380000000000109
P02_112,278,280,get(meat),place-on(meat),get(meat) ↔ place-on(meat),5.879999999999882
P02_112,279,281,place-on(meat),get(meat),place-on(meat) ↔ get(meat),5.889999999999873
P02_112,280,282,get(meat),place-on(meat),get(meat) ↔ place-on(meat),4.1400000000001
P02_112,281,283,place-on(meat),get(meat),place-on(meat) ↔ get(meat),3.300000000000182
P02_112,282,284,get(meat),place-on(meat),get(meat) ↔ place-on(meat),2.2999999999999545
P02_112,283,285,place-on(meat),get(meat),place-on(meat) ↔ get(meat),3.2799999999999727
P02_112,288,290,get(meat),place-on(meat),get(meat) ↔ place-on(meat),5.369999999999891
P02_112,289,291,place-on(meat),get(meat),place-on(meat) ↔ get(meat),5.480000000000018
P02_112,303,305,get(meat),place-on(meat),get(meat) ↔ place-on(meat),5.339999999999918
P02_112,304,306,place-on(meat),get(meat),place-on(meat) ↔ get(meat),5.029999999999973
P02_112,307,309,place-on(meat),get(meat),place-on(meat) ↔ get(meat),5.849999999999909
P02_112,308,310,get(meat),place-on(meat),get(meat) ↔ place-on(meat),4.8400000000001455
P02_112,309,311,place-on(meat),get(meat),place-on(meat) ↔ get(meat),4.269999999999982
P02_112,310,312,get(meat),place-on(meat),get(meat) ↔ place-on(meat),5.599999999999909
P02_112,311,313,place-on(meat),get(meat),place-on(meat) ↔ get(meat),5.120000000000118
P02_112,312,314,get(meat),place-on(meat),get(meat) ↔ place-on(meat),6.460000000000036
P02_113,99,101,put-in(spoon),pick-up(spoon:wooden),put-in(spoon) ↔ pick-up(spoon:wooden),2.0
P02_113,143,145,sponge(spoon),pick-up(spoon),sponge(spoon) ↔ pick-up(spoon),3.9700000000000273
P02_113,151,153,rinse(spoon),put-down(spoon),rinse(spoon) ↔ put-down(spoon),1.580000000000041
P02_114,4,6,slide(tray),turn(tray),slide(tray) ↔ turn(tray),5.48
P02_114,7,9,slide(tray),turn(tray),slide(tray) ↔ turn(tray),6.479999999999999
P02_115,5,7,slide(tray),put-on(tray),slide(tray) ↔ put-on(tray),5.460000000000001
P02_115,22,24,pick-up(pie),put-on(pie),pick-up(pie) ↔ put-on(pie),5.240000000000002
P02_115,23,25,put-on(pie),pick-up(pie),put-on(pie) ↔ pick-up(pie),4.989999999999995
P02_115,28,30,pick-up(pie),put-on(pie),pick-up(pie) ↔ put-on(pie),2.559999999999988
P02_115,29,31,put-on(pie),pick-up(pie),put-on(pie) ↔ pick-up(pie),5.650000000000006
P02_115,30,32,pick-up(pie),put-on(pie),pick-up(pie) ↔ put-on(pie),5.140000000000001
P02_115,31,33,put-on(pie),pick-up(pie),put-on(pie) ↔ pick-up(pie),3.9199999999999875
P02_116,3,5,put-in(pie),pick-up(pie),put-in(pie) ↔ pick-up(pie),3.41
P02_116,4,6,pick-up(pie),put-in(pie),pick-up(pie) ↔ put-in(pie),3.8900000000000006
P02_116,5,7,put-in(pie),pick-up(pie),put-in(pie) ↔ pick-up(pie),3.469999999999999
P02_116,6,8,pick-up(pie),put-in(pie),pick-up(pie) ↔ put-in(pie),3.290000000000001
P02_116,7,9,put-in(pie),pick-up(pie),put-in(pie) ↔ pick-up(pie),3.2300000000000004
P02_116,8,10,pick-up(pie),put-in(pie),pick-up(pie) ↔ put-in(pie),5.34
P02_116,9,11,put-in(pie),pick-up(pie),put-in(pie) ↔ pick-up(pie),6.120000000000001
P02_116,10,12,pick-up(pie),put-in(pie),pick-up(pie) ↔ put-in(pie),5.559999999999999
P02_116,11,13,put-in(pie),pick-up(pie),put-in(pie) ↔ pick-up(pie),4.309999999999999
P02_116,12,14,pick-up(pie),put-in(pie),pick-up(pie) ↔ put-in(pie),2.240000000000002
P02_116,13,15,put-in(pie),pick-up(pie),put-in(pie) ↔ pick-up(pie),3.5299999999999976
P02_116,14,16,pick-up(pie),put-in(pie),pick-up(pie) ↔ put-in(pie),3.620000000000001
P02_116,15,17,put-in(pie),pick-up(pie),put-in(pie) ↔ pick-up(pie),4.960000000000001
P02_116,16,18,pick-up(pie),put-in(pie),pick-up(pie) ↔ put-in(pie),6.729999999999997
P02_116,17,19,put-in(pie),pick-up(pie),put-in(pie) ↔ pick-up(pie),5.190000000000005
P02_116,18,20,pick-up(pie),put-in(pie),pick-up(pie) ↔ put-in(pie),5.079999999999998
P02_116,19,21,put-in(pie),pick-up(pie),put-in(pie) ↔ pick-up(pie),5.199999999999996
P02_116,25,27,pick-up(tray),put-in(tray),pick-up(tray) ↔ put-in(tray),2.4000000000000057
P02_116,26,28,put-in(tray),pick-up(tray),put-in(tray) ↔ pick-up(tray),2.269999999999996
P02_116,27,29,pick-up(tray),put-in(tray),pick-up(tray) ↔ put-in(tray),2.6799999999999997
P02_116,28,30,put-in(tray),pick-up(tray),put-in(tray) ↔ pick-up(tray),3.3200000000000074
P02_118,237,239,pick-up(infuser:tea),put-down(infuser:tea),pick-up(infuser:tea) ↔ put-down(infuser:tea),2.6299999999999955
P02_118,245,247,turn-on(tap),fill-into(water),turn-on(tap) ↔ fill-into(water),1.3999999999999773
P02_11,3,5,hold(pan),mix(meat),hold(pan) ↔ mix(meat),1.9800000000000004
