pattern,count,routine_name
"('turn-on(tap)', 'rinse(hand)', 'turn-off(tap)')",93,washing
"('pick-up(cloth)', 'dry(hand)', 'put-down(cloth)')",89,drying
"('turn-on(tap)', 'wash(hand)', 'turn-off(tap)')",86,washing
"('rinse(hand)', 'turn-off(tap)', 'shake(hand)')",74,washing
"('shake(hand)', 'pick-up(cloth)', 'dry(hand)')",57,drying
"('turn-off(tap)', 'shake(hand)', 'pick-up(cloth)')",51,drying
"('turn-on(tap)', 'rinse(sponge)', 'turn-off(tap)')",41,washing
"('open(drawer)', 'close(drawer)', 'open(drawer)')",39,container_usage
"('turn-on(tap)', 'rinse(plate)', 'turn-off(tap)')",34,washing
"('turn-on(tap)', 'rinse(cloth)', 'turn-off(tap)')",33,washing
"('cut(potato)', 'cut(potato)', 'cut(potato)')",31,cutting
"('put-down(meat)', 'pick-up(meat)', 'put-down(meat)')",30,object_transfer
"('pick-up(meat)', 'put-down(meat)', 'pick-up(meat)')",29,object_transfer
"('place-on(meat)', 'get(meat)', 'place-on(meat)')",28,object_transfer
"('sharpen(knife)', 'sharpen(knife)', 'sharpen(knife)')",28,operation
"('press(button)', 'press(button)', 'press(button)')",27,operation
"('open(drawer)', 'pick-up(spoon)', 'close(drawer)')",27,container_usage
"('get(meat)', 'place-on(meat)', 'get(meat)')",26,object_transfer
"('press-on(spatula)', 'press-on(spatula)', 'press-on(spatula)')",26,operation
"('put-down(glass)', 'pick-up(glass)', 'put-down(glass)')",25,object_transfer
"('chop(onion)', 'chop(onion)', 'chop(onion)')",25,chopping
"('pick-up(glass)', 'rinse(glass)', 'put-down(glass)')",24,washing
"('turn-off(tap)', 'shake(hand)', 'dry(hand)')",24,drying
"('pick-up(glass)', 'put-down(glass)', 'pick-up(glass)')",24,object_transfer
"('skin(carrot)', 'skin(carrot)', 'skin(carrot)')",23,peeling
"('stir(food)', 'stir(food)', 'stir(food)')",23,stirring
"('flip(aubergine)', 'flip(aubergine)', 'flip(aubergine)')",22,flipping
"('cut(onion)', 'cut(onion)', 'cut(onion)')",22,cutting
"('peel(potato)', 'peel(potato)', 'peel(potato)')",22,peeling
"('wash(hand)', 'turn-off(tap)', 'dry(hand)')",21,washing
"('turn-off(tap)', 'pick-up(cloth)', 'dry(hand)')",20,drying
"('put-down(plate)', 'pick-up(plate)', 'put-down(plate)')",20,object_transfer
"('peel(peach)', 'peel(peach)', 'peel(peach)')",20,peeling
"('rinse(hand)', 'turn-off(tap)', 'dry(hand)')",20,washing
"('pick-up(knife)', 'lather(knife)', 'put-down(knife)')",20,object_transfer
"('fold(cheese)', 'stretch(cheese)', 'fold(cheese)')",19,folding_shaping
"('pick-up(plate)', 'drain(plate)', 'put-down(plate)')",19,object_transfer
"('open(cupboard)', 'pick-up(plate)', 'put-down(plate)')",19,object_transfer
"('stretch(dough)', 'fold(dough)', 'stretch(dough)')",19,folding_shaping
"('fold(dough)', 'stretch(dough)', 'fold(dough)')",19,folding_shaping
"('turn-on(tap)', 'pour-into(water)', 'turn-off(tap)')",18,pouring
"('turn-on(tap)', 'rinse(board:chopping)', 'turn-off(tap)')",18,washing
"('put-down(plate)', 'rinse(plate)', 'put-down(plate)')",17,washing
"('pick-up(soap)', 'pour(liquid:washing:up)', 'put-down(liquid:washing:up)')",17,washing
"('rinse(plate)', 'put-down(plate)', 'rinse(plate)')",17,washing
"('stretch(cheese)', 'fold(cheese)', 'stretch(cheese)')",17,folding_shaping
"('turn-on(tap)', 'rinse(knife)', 'turn-off(tap)')",17,washing
"('pick-up(aubergine)', 'put-down(aubergine)', 'pick-up(aubergine)')",17,object_transfer
"('put-down(aubergine)', 'pick-up(aubergine)', 'put-down(aubergine)')",16,object_transfer
"('pick-up(spatula)', 'stir(food)', 'tap(spatula)')",16,stirring
"('pick-up(spoon)', 'lather(spoon)', 'put-down(spoon)')",16,object_transfer
"('clean(hob)', 'turn-on(tap)', 'rinse(sponge)')",16,washing
"('pick-up(plate)', 'put-down(plate)', 'pick-up(plate)')",16,object_transfer
"('stir(food)', 'tap(spatula)', 'put-down(spatula)')",15,stirring
"('turn-on(tap)', 'rinse(glass)', 'turn-off(tap)')",15,washing
"('peel(skin:garlic)', 'discard(skin:garlic)', 'peel(skin:garlic)')",15,peeling
"('lather(knife)', 'rinse(knife)', 'put-down(knife)')",15,washing
"('drain(plate)', 'put-down(plate)', 'pick-up(plate)')",15,object_transfer
"('discard(skin:garlic)', 'peel(skin:garlic)', 'discard(skin:garlic)')",15,peeling
"('chop(garlic)', 'chop(garlic)', 'chop(garlic)')",15,chopping
"('put-down(plate)', 'pick-up(plate)', 'drain(plate)')",15,object_transfer
"('dry(hand)', 'put-down(cloth)', 'pick-up(spatula)')",14,drying
"('rinse(sponge)', 'turn-off(tap)', 'pick-up(soap)')",14,washing
"('turn-off(tap)', 'pick-up(soap)', 'pour(liquid:washing:up)')",14,washing
"('pick-up(pasta)', 'pour(pasta)', 'pick-up(pasta)')",14,pouring
"('pour(pasta)', 'pick-up(pasta)', 'pour(pasta)')",14,pouring
"('take(fork)', 'lather(fork)', 'put-down(fork)')",14,object_transfer
"('rinse(glass)', 'put-down(glass)', 'pick-up(glass)')",14,washing
"('close(drawer)', 'open(drawer)', 'close(drawer)')",14,container_usage
"('rinse(glass)', 'put-down(glass)', 'rinse(glass)')",14,washing
"('rinse(plate)', 'put-down(plate)', 'pick-up(plate)')",14,washing
"('pick-up(plate)', 'rinse(plate)', 'put-down(plate)')",14,washing
"('break-up(rice)', 'break-up(rice)', 'break-up(rice)')",14,separating
"('turn-on(tap)', 'rinse(pan)', 'turn-off(tap)')",14,washing
"('wipe(surface)', 'wipe(surface)', 'wipe(surface)')",14,cleaning
"('pick-up(sponge)', 'turn-on(tap)', 'rinse(sponge)')",13,washing
"('pick-up(glass)', 'wash(glass)', 'put-down(glass)')",13,washing
"('take-off(skin)', 'take-off(skin)', 'take-off(skin)')",13,peeling
"('wash(hand)', 'turn-off(tap)', 'shake(hand)')",13,washing
"('cut(tomato)', 'cut(tomato)', 'cut(tomato)')",13,cutting
"('put-down(glass)', 'rinse(glass)', 'put-down(glass)')",13,washing
"('pick-up(glass)', 'drain(glass)', 'put-down(glass)')",13,object_transfer
"('turn-on(tap)', 'rinse(bowl)', 'turn-off(tap)')",13,washing
"('turn-on(tap)', 'rinse(mug)', 'turn-off(tap)')",13,washing
"('oil(hand)', 'knead(dough)', 'shape(ball:dough)')",13,folding_shaping
"('slice(onion)', 'slice(onion)', 'slice(onion)')",13,cutting
"('put-down(sponge)', 'turn-on(tap)', 'rinse(hand)')",12,washing
"('rinse(hand)', 'pick-up(cloth)', 'rinse(cloth)')",12,washing
"('pick-up(bowl)', 'rinse(bowl)', 'put-down(bowl)')",12,washing
"('clean(top:counter)', 'turn-on(tap)', 'rinse(cloth)')",12,washing
"('rinse(hand)', 'turn-off(tap)', 'pick-up(cloth)')",12,washing
"('take(knife)', 'wash(knife)', 'put-down(knife)')",11,washing
"('rinse(cloth)', 'turn-off(tap)', 'wring(cloth)')",11,washing
"('wash(hand)', 'rinse(hand)', 'turn-off(tap)')",11,washing
"('pick-up(mushroom)', 'wash(mushroom)', 'put-down(mushroom)')",11,washing
"('put-down(plate)', 'pick-up(plate)', 'rinse(plate)')",11,washing
"('pick-up(plate)', 'pick-up(plate)', 'put-down(plate)')",11,object_transfer
"('knead(dough)', 'shape(ball:dough)', 'place-on(ball:dough)')",11,folding_shaping
"('pick-up(plate)', 'lather(plate)', 'put-down(plate)')",11,object_transfer
"('put-down(glass)', 'pick-up(glass)', 'rinse(glass)')",11,washing
"('pick-up(piece:tofu)', 'put-in(piece:tofu)', 'move-with(piece:tofu)')",11,object_transfer
"('pick-up(spoon)', 'stir(pasta)', 'put-down(spoon)')",11,stirring
"('pick-up(cloth)', 'turn-on(tap)', 'rinse(cloth)')",11,washing
"('open(cupboard)', 'pick-up(plate)', 'close(cupboard)')",11,container_usage
"('debone(thigh:chicken)', 'debone(thigh:chicken)', 'debone(thigh:chicken)')",11,separating
"('open(drawer)', 'take(knife)', 'close(drawer)')",11,container_usage
"('sweep(floor)', 'sweep(floor)', 'sweep(floor)')",11,other
"('put-down(mushroom)', 'pick-up(mushroom)', 'wash(mushroom)')",11,washing
"('open(cupboard)', 'pick-up(glass)', 'close(cupboard)')",11,container_usage
"('pick-up(slice:potato)', 'put-down(slice:potato)', 'pick-up(slice:potato)')",11,cutting
"('scoop(food)', 'put-in(food)', 'scoop(food)')",11,object_transfer
"('put-down(slice:potato)', 'pick-up(slice:potato)', 'put-down(slice:potato)')",11,cutting
"('put-in(food)', 'scoop(food)', 'put-in(food)')",11,object_transfer
"('open(drawer)', 'pick-up(knife)', 'close(drawer)')",11,container_usage
"('wash(mushroom)', 'put-down(mushroom)', 'pick-up(mushroom)')",11,washing
"('put-in(pie)', 'pick-up(pie)', 'put-in(pie)')",10,object_transfer
"('put(clothes)', 'take(clothes)', 'put(clothes)')",10,object_transfer
"('take(clothes)', 'put(clothes)', 'take(clothes)')",10,object_transfer
"('wash(plate)', 'turn-on(tap)', 'rinse(plate)')",10,washing
"('sharpen(tap)', 'sharpen(tap)', 'sharpen(tap)')",10,operation
"('rinse(plate)', 'turn-off(tap)', 'put(plate)')",10,washing
"('rinse(sponge)', 'turn-off(tap)', 'clean(hob)')",10,washing
"('turn-on(tap)', 'rinse(spoon)', 'turn-off(tap)')",10,washing
"('turn-off(tap)', 'close(kettle)', 'put-down(kettle)')",10,object_transfer
"('pick-up(cloth)', 'rinse(cloth)', 'turn-off(tap)')",10,washing
"('stir(meat)', 'stir(meat)', 'stir(meat)')",10,stirring
"('put-on(nut:pine)', 'put-on(nut:pine)', 'put-on(nut:pine)')",10,object_transfer
"('rinse(sponge)', 'put-down(sponge)', 'rinse(hand)')",10,washing
"('pick-up(plate)', 'put-down(plate)', 'put-down(plate)')",10,object_transfer
"('rinse(cloth)', 'turn-off(tap)', 'wash(sink)')",10,washing
"('pick-up(spoon)', 'stir(sauce)', 'put-down(spoon)')",10,stirring
"('turn-off(tap)', 'clean(hob)', 'turn-on(tap)')",10,cleaning
"('cut(courgette)', 'cut(courgette)', 'cut(courgette)')",10,cutting
"('get(oil)', 'oil(hand)', 'knead(dough)')",10,folding_shaping
"('pour(water)', 'pour(water)', 'pour(water)')",10,pouring
"('dry(hand)', 'put-down(cloth)', 'open(drawer)')",10,drying
"('open(cupboard)', 'take(plate)', 'close(cupboard)')",10,container_usage
"('knead(dough)', 'knead(dough)', 'knead(dough)')",10,folding_shaping
"('pick-up(glass)', 'lather(glass)', 'put-down(glass)')",10,object_transfer
"('pick-up(liquid:washing)', 'pour-onto(liquid:washing)', 'put-down(liquid:washing)')",10,washing
"('pick-up(plate)', 'close(cupboard)', 'put-down(plate)')",10,object_transfer
"('turn-on(tap)', 'fill(kettle)', 'turn-off(tap)')",9,other
"('pick-up(sponge)', 'rinse(sponge)', 'turn-off(tap)')",9,washing
"('sharpen(whetstone)', 'sharpen(whetstone)', 'sharpen(whetstone)')",9,operation
"('open(cupboard)', 'close(cupboard)', 'open(cupboard)')",9,container_usage
"('wash(glass)', 'put-down(glass)', 'pick-up(glass)')",9,washing
"('peel(onion)', 'peel(onion)', 'peel(onion)')",9,peeling
"('open(drawer)', 'take(spoon)', 'close(drawer)')",9,container_usage
"('flip(sausage)', 'flip(sausage)', 'flip(sausage)')",9,flipping
"('shake(hand)', 'dry(hand)', 'put-down(cloth)')",9,drying
"('put-down(olive)', 'put-down(olive)', 'put-down(olive)')",9,object_transfer
"('pick-up(bowl)', 'put-down(bowl)', 'pick-up(bowl)')",9,object_transfer
"('pick-up(pie)', 'put-in(pie)', 'pick-up(pie)')",9,object_transfer
"('flip-over(piece:tofu)', 'flip-over(piece:tofu)', 'flip-over(piece:tofu)')",9,flipping
"('take(spatula)', 'stir(food)', 'stir(food)')",9,stirring
"('flip(aubergine)', 'put-down(fork)', 'take(fork)')",9,flipping
"('slice(tomato)', 'slice(tomato)', 'slice(tomato)')",9,cutting
"('pour(pasta)', 'pour(pasta)', 'pour(pasta)')",9,pouring
"('shape(ball:dough)', 'place-on(ball:dough)', 'squeeze(dough)')",9,folding_shaping
"('pick-up(knife)', 'rinse(knife)', 'put-down(knife)')",9,washing
"('turn-on(tap)', 'pick-up(sponge)', 'rinse(sponge)')",9,washing
"('rinse(knife)', 'put-down(knife)', 'take(fork)')",9,washing
"('pick-up(spoon)', 'stir(onion)', 'put-down(spoon)')",9,stirring
"('take(spoon)', 'mix(curry)', 'put(spoon)')",9,object_transfer
"('put-down(mushroom)', 'slice(mushroom)', 'pick-up(mushroom)')",8,cutting
"('pick-up(mushroom)', 'put-down(mushroom)', 'slice(mushroom)')",8,cutting
"('open(fridge)', 'put-into(container)', 'close(fridge)')",8,container_usage
"('turn-on(tap)', 'rinse(pot)', 'turn-off(tap)')",8,washing
"('slice(mushroom)', 'pick-up(mushroom)', 'put-down(mushroom)')",8,cutting
"('rinse(hand)', 'pick-up(sponge)', 'rinse(sponge)')",8,washing
"('lather(plate)', 'rinse(plate)', 'put-down(plate)')",8,washing
"('squeeze(dough)', 'get(oil)', 'oil(hand)')",8,folding_shaping
"('turn-off(tap)', 'unfold(cloth)', 'put-down(cloth)')",8,folding_shaping
"('put-down(knife)', 'take(fork)', 'lather(fork)')",8,object_transfer
"('pick-up(cutlery)', 'rinse(cutlery)', 'put-down(cutlery)')",8,washing
"('pick-up(knife)', 'wash(knife)', 'put-down(knife)')",8,washing
"('spray(detergent)', 'clean(table)', 'spray(detergent)')",8,cleaning
"('open(cupboard)', 'put-down(degreaser)', 'close(cupboard)')",8,container_usage
"('move-with(piece:tofu)', 'pick-up(piece:tofu)', 'put-in(piece:tofu)')",8,object_transfer
"('pick-up(fork)', 'lather(fork)', 'put-down(fork)')",8,object_transfer
"('pick-up(paper)', 'tear(paper)', 'dry(hand)')",8,drying
"('cut(piece:chocolate)', 'cut(piece:chocolate)', 'cut(piece:chocolate)')",8,cutting
"('put-down(sponge)', 'turn-on(tap)', 'rinse(plate)')",8,washing
"('put-down(rice)', 'pick-up(rice)', 'put-down(rice)')",8,object_transfer
"('pick-up(rice)', 'put-down(rice)', 'pick-up(rice)')",8,object_transfer
"('lather(fork)', 'rinse(fork)', 'put-down(fork)')",8,washing
"('rinse(sponge)', 'lather(sponge)', 'rinse(sponge)')",8,washing
"('pick-up(container)', 'put-down(container)', 'pick-up(container)')",8,object_transfer
"('roll-out(dough)', 'turn-over(dough)', 'roll-out(dough)')",8,folding_shaping
"('cut(pizza)', 'cut(pizza)', 'cut(pizza)')",8,cutting
"('wash(knife)', 'put-down(knife)', 'wash(fork)')",8,washing
"('take(clothes)', 'put-in(clothes)', 'take(clothes)')",8,object_transfer
"('put-in(clothes)', 'take(clothes)', 'put-in(clothes)')",8,object_transfer
"('close(kettle)', 'put-down(kettle)', 'turn-on(kettle)')",8,object_transfer
"('put-down(knife)', 'wash(fork)', 'put-down(fork)')",8,washing
"('put-down(glass)', 'pick-up(glass)', 'drain(glass)')",8,object_transfer
"('remove-from(scale)', 'remove-from(scale)', 'remove-from(scale)')",8,separating
"('pick-up(container)', 'drain(container)', 'put-down(container)')",8,object_transfer
"('fold(cheese)', 'fold(cheese)', 'fold(cheese)')",8,folding_shaping
"('turn(chicken)', 'turn(chicken)', 'turn(chicken)')",8,other
"('pick-up(plate)', 'wash(plate)', 'pick-up(plate)')",8,washing
"('put-down(glass)', 'pick-up(glass)', 'wash(glass)')",8,washing
"('turn-off(tap)', 'pick-up(towel)', 'dry(hand)')",8,drying
"('fill(kettle)', 'turn-off(tap)', 'close(kettle)')",8,other
"('pick-up(kettle)', 'open(kettle)', 'turn-on(tap)')",7,object_transfer
"('pick-up(lid)', 'close(container)', 'pick-up(container)')",7,object_transfer
"('top(carrot:tail)', 'top(carrot:tail)', 'top(carrot:tail)')",7,cutting
"('put-down(glass)', 'wash(glass)', 'put-down(glass)')",7,washing
"('scour(wok)', 'scour(wok)', 'scour(wok)')",7,cleaning
"('wash(spoon)', 'turn-on(tap)', 'rinse(spoon)')",7,washing
"('rinse(knife)', 'lather(knife)', 'rinse(knife)')",7,washing
"('pick-up(knife)', 'rinse(knife)', 'lather(knife)')",7,washing
"('lather(glass)', 'pick-up(glass)', 'lather(glass)')",7,object_transfer
"('wash(glass)', 'put-down(glass)', 'wash(glass)')",7,washing
"('squeeze(lime)', 'squeeze(lime)', 'squeeze(lime)')",7,folding_shaping
"('chop(ginger)', 'chop(ginger)', 'chop(ginger)')",7,chopping
"('sponge(knife)', 'pick-up(knife)', 'sponge(knife)')",7,object_transfer
"('rinse(mug)', 'turn-off(tap)', 'put-down(mug)')",7,washing
"('put-down(sponge)', 'turn-on(tap)', 'rinse(spoon)')",7,washing
"('pick-up(glass)', 'turn-on(tap)', 'rinse(glass)')",7,washing
"('lather(plate)', 'put-down(plate)', 'pick-up(plate)')",7,object_transfer
"('put-down(glass)', 'pick-up(glass)', 'lather(glass)')",7,object_transfer
"('open(drawer)', 'put-down(mat:place)', 'close(drawer)')",7,container_usage
"('flip(burger:tuna)', 'flip(burger:tuna)', 'flip(burger:tuna)')",7,flipping
"('rinse(board:chopping)', 'turn-off(tap)', 'put-in(board:chopping)')",7,washing
"('pick-up(lid)', 'rinse(lid)', 'put-down(lid)')",7,washing
"('cut(olive)', 'put-down(knife)', 'remove(stone:olive)')",7,cutting
"('put(spoon)', 'take(plate)', 'put(plate)')",7,object_transfer
"('pick-up(glass)', 'lather(glass)', 'pick-up(glass)')",7,object_transfer
"('pick-up(spoon)', 'open(lid)', 'stir(pasta)')",7,stirring
"('open(drawer)', 'pick-up(teaspoon)', 'close(drawer)')",7,container_usage
"('put-down(cloth)', 'pick-up(spatula)', 'stir(potato)')",7,stirring
"('rinse(cloth)', 'turn-off(tap)', 'unfold(cloth)')",7,washing
"('slice-into(courgette)', 'slice-into(courgette)', 'slice-into(courgette)')",7,cutting
"('put-down(cloth)', 'turn-on(tap)', 'rinse(hand)')",7,washing
"('open(drawer)', 'pick-up(fork)', 'close(drawer)')",7,container_usage
"('put-in(piece:tofu)', 'move-with(piece:tofu)', 'pick-up(piece:tofu)')",7,object_transfer
"('squeeze(bottle:milk)', 'squeeze(bottle:milk)', 'squeeze(bottle:milk)')",7,folding_shaping
"('take(spoon:wooden)', 'stir(pasta)', 'place-on(spoon:wooden)')",7,stirring
"('throw(peel)', 'pick-up(peel)', 'throw(peel)')",7,peeling
"('put-down(cap:burner)', 'pick-up(cap:burner)', 'wash(cap:burner)')",7,washing
"('scrape(tomato)', 'scrape(tomato)', 'scrape(tomato)')",7,other
"('wash(cap:burner)', 'put-down(cap:burner)', 'pick-up(cap:burner)')",7,washing
"('rinse(cap:burner)', 'put-down(cap:burner)', 'pick-up(cap:burner)')",7,washing
"('flip(meat)', 'flip(meat)', 'flip(meat)')",7,flipping
"('pick-up(fork)', 'pick-up(fork)', 'pick-up(fork)')",7,object_transfer
"('wash(plate)', 'put-down(plate)', 'wash(plate)')",7,washing
"('rinse(cloth)', 'turn-off(tap)', 'put-down(cloth)')",7,washing
"('close(bag)', 'turn-on(tap)', 'rinse(hand)')",7,washing
"('flip(aubergine)', 'flip(aubergine)', 'put-down(fork)')",7,flipping
"('pick-up(salt)', 'pour(salt)', 'take(fork)')",7,pouring
"('open(drawer)', 'pick-up(mat:place)', 'close(drawer)')",7,container_usage
"('wash(saucepan)', 'wash(saucepan)', 'wash(saucepan)')",7,washing
"('wash(pan)', 'wash(pan)', 'wash(pan)')",7,washing
"('pour(oil)', 'close(oil)', 'put-down(oil)')",7,pouring
"('take(mushroom)', 'chop(mushroom)', 'take(mushroom)')",7,chopping
"('drain(glass)', 'put-down(glass)', 'pick-up(glass)')",7,object_transfer
"('dry(hand)', 'put-down(cloth)', 'open(cupboard)')",7,drying
"('chop(chilli)', 'chop(chilli)', 'chop(chilli)')",7,chopping
"('put-down(plate)', 'pick-up(plate)', 'lather(plate)')",7,object_transfer
"('pick-up(sponge)', 'lather(plate)', 'rinse(plate)')",7,washing
"('turn-off(tap)', 'turn-on(tap)', 'turn-off(tap)')",7,other
"('cut(peach)', 'cut(peach)', 'remove(peach)')",7,cutting
"('lather(sponge)', 'rinse(sponge)', 'turn-off(tap)')",7,washing
"('rinse(knife)', 'put-down(knife)', 'turn-off(tap)')",7,washing
"('take(fork)', 'rinse(fork)', 'lather(fork)')",6,washing
"('pick-up(liquid:washing)', 'put(liquid:washing)', 'put-down(liquid:washing)')",6,washing
"('pick-up(pancake:crispy)', 'put-down(pancake:crispy)', 'pick-up(pancake:crispy)')",6,object_transfer
"('put-into(leaf:pak:choi)', 'pick-up(leaf:pak:choi)', 'wash(leaf:pak:choi)')",6,washing
"('pick-up(leaf:pak:choi)', 'put-down(leaf:pak:choi)', 'cut(choi:pak)')",6,cutting
"('open(drawer)', 'pick-up(spatula)', 'close(drawer)')",6,container_usage
"('wash(leaf:pak:choi)', 'put-into(leaf:pak:choi)', 'pick-up(leaf:pak:choi)')",6,washing
"('put(sponge)', 'turn-on(tap)', 'rinse(plate)')",6,washing
"('put(tomato)', 'pick-up(tomato)', 'put(tomato)')",6,object_transfer
"('pick-up(pasta)', 'put-down(pasta)', 'pick-up(pasta)')",6,object_transfer
"('put-down(pasta)', 'pick-up(pasta)', 'put-down(pasta)')",6,object_transfer
"('rinse(knife)', 'put-down(knife)', 'pick-up(knife)')",6,washing
"('pick-up(glass)', 'open(cupboard)', 'put-down(glass)')",6,object_transfer
"('put-down(fork)', 'wash(knife)', 'put-down(knife)')",6,washing
"('wash(fork)', 'put-down(fork)', 'wash(knife)')",6,washing
"('wash(plate)', 'pick-up(plate)', 'wash(plate)')",6,washing
"('put-down(plate)', 'wash(plate)', 'put-down(plate)')",6,washing
"('pick-up(spoon)', 'stir(mushroom)', 'put-down(spoon)')",6,stirring
"('wash(knife)', 'put-down(knife)', 'wash(knife)')",6,washing
"('skin(carrot)', 'skin(carrot)', 'put-in(carrot)')",6,peeling
"('put-down(knife)', 'wash(knife)', 'put-down(knife)')",6,washing
"('take(spoon)', 'spoon(rice)', 'taste(rice)')",6,object_transfer
"('spoon(rice)', 'taste(rice)', 'put-down(spoon)')",6,object_transfer
"('open(fridge)', 'pick-up(milk)', 'close(fridge)')",6,container_usage
"('wash(spoon)', 'rinse(spoon)', 'put-down(spoon)')",6,washing
"('pick-up(plate)', 'wash(plate)', 'turn-on(tap)')",6,washing
"('put-into(clothes)', 'put-into(clothes)', 'put-into(clothes)')",6,object_transfer
"('rinse(fork)', 'lather(fork)', 'rinse(fork)')",6,washing
"('open(drawer)', 'put-down(board:cutting)', 'close(drawer)')",6,cutting
"('pick-up(glass)', 'pick-up(glass)', 'put-down(glass)')",6,object_transfer
"('open(cupboard)', 'put-down(jar)', 'close(cupboard)')",6,container_usage
"('pick-up(spatula)', 'stir(potato)', 'put-down(spatula)')",6,stirring
"('turn-on(tap)', 'fill-up(jug)', 'turn-off(tap)')",6,other
"('cut(lettuce)', 'cut(lettuce)', 'cut(lettuce)')",6,cutting
"('pick-up(glass)', 'put-down(glass)', 'put-down(glass)')",6,object_transfer
"('roll-out(dough)', 'flip-over(dough)', 'roll-out(dough)')",6,flipping
"('cut(paper:greaseproof)', 'cut(paper:greaseproof)', 'cut(paper:greaseproof)')",6,cutting
"('pick-up(spatula)', 'drag-through(spatula)', 'put-down(spatula)')",6,object_transfer
"('wash(knife)', 'turn-on(tap)', 'rinse(knife)')",6,washing
"('take-off(lid)', 'stir(pan)', 'put-on(lid)')",6,stirring
"('put-down(cap:burner)', 'pick-up(cap:burner)', 'rinse(cap:burner)')",6,washing
"('remove(skin)', 'remove(skin)', 'remove(skin)')",6,peeling
"('pick-up(container)', 'pick-up(container)', 'put-down(container)')",6,object_transfer
"('cut(tomato)', 'move(tomato)', 'cut(tomato)')",6,cutting
"('lather(glass)', 'put-down(glass)', 'pick-up(glass)')",6,object_transfer
"('put-down(knife)', 'pick-up(knife)', 'lather(knife)')",6,object_transfer
"('sponge(plate)', 'put-down(sponge)', 'turn-on(tap)')",6,object_transfer
"('put-down(mixture)', 'pick-up(mixture)', 'put-down(mixture)')",6,object_transfer
"('mix(curry)', 'put(spoon)', 'take(plate)')",6,object_transfer
"('pick-up(cap:burner)', 'wash(cap:burner)', 'put-down(cap:burner)')",6,washing
"('pick-up(bottle)', 'pick-up(bottle)', 'put-down(bottle)')",6,object_transfer
"('pick-up(sponge)', 'sponge(plate)', 'put-down(sponge)')",6,object_transfer
"('pick-up(mixture)', 'put-down(mixture)', 'pick-up(mixture)')",6,object_transfer
"('put(bowl)', 'take(bowl)', 'put(bowl)')",6,object_transfer
"('put-on(tray:baking)', 'pick-up(omelette)', 'put-on(tray:baking)')",6,object_transfer
"('put-down(sponge)', 'turn-on(tap)', 'rinse(pan)')",6,washing
"('pick-up(knife)', 'wash(knife)', 'put-in(knife)')",6,washing
"('pick-up(plate)', 'wash(plate)', 'put-in(plate)')",6,washing
"('put-down(sponge)', 'turn-on(tap)', 'rinse(board:chopping)')",6,washing
"('open(oil)', 'pour(oil)', 'close(bottle:oil)')",6,pouring
"('pick-up(oil)', 'open(oil)', 'pour(oil)')",6,pouring
"('open(lid)', 'stir(pasta)', 'close(lid)')",6,stirring
"('put-down(spoon)', 'turn-on(tap)', 'wash(hand)')",6,washing
"('cut(carrot)', 'cut(carrot)', 'cut(carrot)')",6,cutting
"('turn-off(tap)', 'turn-on(tap)', 'wash(hand)')",6,washing
"('tap(egg)', 'crack(egg)', 'put-down(eggshell)')",6,operation
"('open(cupboard)', 'pick-up(bowl)', 'put-down(bowl)')",6,object_transfer
"('turn-on(tap)', 'rinse(cloth)', 'put-down(cloth)')",6,washing
"('trim-into(bean:green)', 'trim-into(bean:green)', 'trim-into(bean:green)')",6,cutting
"('put-down(bowl)', 'pick-up(bowl)', 'put-down(bowl)')",6,object_transfer
"('turn-on(tap)', 'pick-up(cloth)', 'rinse(cloth)')",6,washing
"('put-down(fork)', 'pick-up(knife)', 'lather(knife)')",6,object_transfer
"('move-into(piece:meat)', 'move-into(piece:meat)', 'move-into(piece:meat)')",6,object_transfer
"('lather(fork)', 'put-down(fork)', 'pick-up(knife)')",6,object_transfer
"('lather(knife)', 'put-down(knife)', 'take(fork)')",6,object_transfer
"('pick-up(peel)', 'throw(peel)', 'pick-up(peel)')",6,peeling
"('put-down(fork)', 'pick-up(aubergine)', 'put-down(aubergine)')",6,object_transfer
"('pick-up(aubergine)', 'flip(aubergine)', 'pick-up(aubergine)')",6,flipping
"('take(fork)', 'flip(aubergine)', 'put-down(fork)')",6,flipping
"('pick-up(plate)', 'put-down(plate)', 'open(cupboard)')",6,object_transfer
"('place-on(ball:dough)', 'squeeze(dough)', 'get(oil)')",6,folding_shaping
"('pick-up(knife)', 'sponge(knife)', 'pick-up(knife)')",6,object_transfer
"('pick-up(glass)', 'close(cupboard)', 'put-down(glass)')",6,object_transfer
"('sponge(spoon)', 'pick-up(spoon)', 'sponge(spoon)')",6,object_transfer
"('cut(peach)', 'remove(peach)', 'put-down(peach)')",6,cutting
"('rinse(cloth)', 'clean(sink)', 'rinse(cloth)')",6,washing
"('press-on(spatula)', 'flip(meat)', 'press-on(spatula)')",6,flipping
"('turn-off(tap)', 'pick-up(bowl)', 'put-down(bowl)')",6,object_transfer
"('put-down(plate)', 'put-down(plate)', 'pick-up(plate)')",6,object_transfer
"('press-on(spatula)', 'press-on(spatula)', 'flip(meat)')",6,flipping
"('pick-up(knife)', 'lather(knife)', 'rinse(knife)')",6,washing
"('turn-on(tap)', 'rinse(glass)', 'put-down(glass)')",6,washing
"('stir(pasta)', 'stir(pasta)', 'stir(pasta)')",6,stirring
"('pick-up(mat:place)', 'close(drawer)', 'put-down(mat:place)')",6,object_transfer
"('clean(table)', 'spray(detergent)', 'clean(table)')",6,cleaning
"('pick-up(plate)', 'put-down(plate)', 'turn-on(tap)')",6,object_transfer
"('stir(meat)', 'press-on(spatula)', 'press-on(spatula)')",6,stirring
"('chop(squash)', 'chop(squash)', 'chop(squash)')",6,chopping
"('put-into(meat)', 'put-into(meat)', 'put-into(meat)')",6,object_transfer
"('dice(courgette)', 'pick-up(dice:courgette)', 'put-into(dice:courgette)')",6,cutting
"('open(drawer)', 'pick-up(board:cutting)', 'put-down(board:cutting)')",6,cutting
"('pick-up(sponge)', 'rinse(sponge)', 'put-down(sponge)')",6,washing
"('open(drawer)', 'open(drawer)', 'close(drawer)')",6,container_usage
"('chop(mushroom)', 'take(mushroom)', 'chop(mushroom)')",6,chopping
"('roll(dough)', 'roll(dough)', 'roll(dough)')",6,folding_shaping
"('rinse(plate)', 'turn-off(tap)', 'put-down(plate)')",6,washing
"('shred(thigh:chicken)', 'shred(thigh:chicken)', 'shred(thigh:chicken)')",6,separating
"('open(salt)', 'pour(salt)', 'close(salt)')",5,pouring
"('take(plate)', 'close(cupboard)', 'put-down(plate)')",5,object_transfer
"('pick-up(dice:courgette)', 'put-into(dice:courgette)', 'move(slice:courgette)')",5,cutting
"('pick-up(sponge)', 'scrub(spoon)', 'rinse(spoon)')",5,washing
"('wash(surface:hob)', 'wash(surface:hob)', 'wash(surface:hob)')",5,washing
"('pick-up(meat)', 'put-down(meat)', 'wrap(meat)')",5,object_transfer
"('put-down(meat)', 'wrap(meat)', 'move(meat)')",5,object_transfer
"('cut(film:cling)', 'pick-up(meat)', 'put-down(meat)')",5,cutting
"('pick-up(tissue)', 'dry(hand)', 'put-down(napkin)')",5,drying
"('stir(mushroom)', 'adjust(hob)', 'stir(mushroom)')",5,stirring
"('adjust(hob)', 'stir(mushroom)', 'put-down(spoon)')",5,stirring
"('pour(mushroom)', 'pour(mushroom)', 'pour(mushroom)')",5,pouring
"('turn-on(tap)', 'rinse(colander)', 'turn-off(tap)')",5,washing
"('pick-up(spatula)', 'lather(spatula)', 'put-down(spatula)')",5,object_transfer
"('mix(vegetable)', 'mix(vegetable)', 'mix(vegetable)')",5,other
"('cut(tomato:cherry)', 'put-in(tomato:cherry)', 'cut(tomato:cherry)')",5,cutting
"('put-in(tomato:cherry)', 'cut(tomato:cherry)', 'put-in(tomato:cherry)')",5,cutting
"('stir(vegetable)', 'put(glove:oven)', 'put(spatula)')",5,stirring
"('pick-up(piece:pitta)', 'dip(piece:pitta)', 'eat(piece:pitta)')",5,object_transfer
"('rinse(cloth)', 'clean(sink)', 'turn-off(tap)')",5,washing
"('turn-off(tap)', 'dry(hand)', 'put-down(cloth)')",5,drying
"('close(can:trash)', 'turn-on(tap)', 'rinse(hand)')",5,washing
"('rinse(plate)', 'turn-off(tap)', 'lather(plate)')",5,washing
"('pick-up(pan)', 'put-down(pan)', 'turn-on(tap)')",5,object_transfer
"('put-down(powder)', 'pick-up(powder)', 'put-down(powder)')",5,object_transfer
"('put-down(glass)', 'pick-up(bowl)', 'put-down(bowl)')",5,object_transfer
"('pick-up(spoon)', 'rinse(spoon)', 'put-down(spoon)')",5,washing
"('pick-up(sponge)', 'rinse(sponge)', 'rinse(hand)')",5,washing
"('pick-up(sponge)', 'rinse(sponge)', 'lather(sponge)')",5,washing
"('pick-up(spoon)', 'turn-on(tap)', 'wash(spoon)')",5,washing
"('wash(knife)', 'put-down(knife)', 'pick-up(knife)')",5,washing
"('put-down(knife)', 'pick-up(knife)', 'wash(knife)')",5,washing
"('pour-from(soup)', 'scoop-up(soup)', 'pour-from(soup)')",5,pouring
"('pick-up(bowl)', 'turn-on(tap)', 'rinse(bowl)')",5,washing
"('flip(meat)', 'stir(meat)', 'press-on(spatula)')",5,stirring
"('flip(meat)', 'press-on(spatula)', 'press-on(spatula)')",5,flipping
"('pick-up(bowl)', 'put-down(bowl)', 'put-down(bowl)')",5,object_transfer
"('pour(packaging)', 'pour(packaging)', 'pour(packaging)')",5,pouring
"('pick-up(cloth)', 'rinse(cloth)', 'clean(sink)')",5,washing
"('move(tomato)', 'cut(tomato)', 'move(tomato)')",5,cutting
"('pour(oil)', 'close(bottle:oil)', 'put-down(oil)')",5,pouring
"('turn-off(tap)', 'lather(plate)', 'put-down(plate)')",5,object_transfer
"('rinse(glass)', 'put-down(glass)', 'turn-off(tap)')",5,washing
"('chop(tomato:sun:dried)', 'chop(tomato:sun:dried)', 'chop(tomato:sun:dried)')",5,chopping
"('rinse(sponge)', 'rinse(hand)', 'put-down(sponge)')",5,washing
"('pick-up(slice:potato)', 'put-down(slice:potato)', 'put-down(slice:potato)')",5,cutting
"('crack(egg)', 'put-down(eggshell)', 'pick-up(egg)')",5,object_transfer
"('put-down(eggshell)', 'pick-up(egg)', 'tap(egg)')",5,operation
"('pick-up(plate)', 'turn-on(tap)', 'rinse(plate)')",5,washing
"('put-down(brush:pastry)', 'pick-up(chopstick)', 'put-on(chopstick)')",5,chopping
"('pick-up(chopstick)', 'put-on(chopstick)', 'fold-over(dough)')",5,chopping
"('flip-over(piece:tofu)', 'move(piece:tofu)', 'flip-over(piece:tofu)')",5,flipping
"('pick-up(bun:bao)', 'put-in(bun:bao)', 'pick-up(bun:bao)')",5,object_transfer
"('open(cupboard)', 'open(cupboard)', 'close(cupboard)')",5,container_usage
"('pop-out(cube:ice)', 'pick-up(cube:ice)', 'put-into(cube:ice)')",5,object_transfer
"('chop(potato:sweet)', 'put-in(potato:sweet)', 'chop(potato:sweet)')",5,chopping
"('put-in(potato:sweet)', 'chop(potato:sweet)', 'put-in(potato:sweet)')",5,chopping
"('mix(dough)', 'pour-into(water)', 'mix(dough)')",5,pouring
"('turn-on(tap)', 'rinse(board:cutting)', 'turn-off(tap)')",5,washing
"('clean(hob)', 'clean(hob)', 'turn-on(tap)')",5,cleaning
"('shake(pot)', 'shake(pot)', 'shake(pot)')",5,drying
"('pick-up(cap:burner)', 'put-down(cap:burner)', 'pick-up(cap:burner)')",5,object_transfer
"('turn-on(tap)', 'rinse(hand)', 'pick-up(sponge)')",5,washing
"('pick-up(cap:burner)', 'rinse(cap:burner)', 'put-down(cap:burner)')",5,washing
"('put-down(container)', 'pick-up(container)', 'put-down(container)')",5,object_transfer
"('close(cupboard)', 'pick-up(cloth)', 'dry(hand)')",5,drying
"('rinse(bowl)', 'put-down(bowl)', 'pick-up(bowl)')",5,washing
"('open(drawer)', 'put-down(towel:tea)', 'close(drawer)')",5,container_usage
"('open(bag)', 'throw(residue:food)', 'close(bag)')",5,container_usage
"('pour(salt)', 'pick-up(salt)', 'pour(salt)')",5,pouring
"('put-down(spoon)', 'pick-up(lid)', 'put-down(lid)')",5,object_transfer
"('pick-up(glass)', 'put-down(glass)', 'close(cupboard)')",5,object_transfer
"('pour(chickpea)', 'pick-up(chickpea)', 'pour(chickpea)')",5,pouring
"('rinse(cutlery)', 'put-down(cutlery)', 'rinse(cutlery)')",5,washing
"('pick-up(knife)', 'dry(knife)', 'put-down(knife)')",5,drying
"('pick-up(plate)', 'pick-up(sponge)', 'sponge(plate)')",5,object_transfer
"('sponge(mug)', 'put-down(sponge)', 'turn-on(tap)')",5,object_transfer
"('put-down(sponge)', 'turn-on(tap)', 'rinse(mug)')",5,washing
"('pick-up(glass)', 'turn-on(tap)', 'fill-with(glass)')",5,object_transfer
"('turn-on(tap)', 'fill-with(glass)', 'turn-off(tap)')",5,other
"('open(cupboard)', 'pick-up(glass)', 'put-down(glass)')",5,object_transfer
"('turn-on(tap)', 'rinse(fork)', 'turn-off(tap)')",5,washing
"('rinse(plate)', 'turn-off(tap)', 'put-in(plate)')",5,washing
"('turn-on(tap)', 'fill(glass)', 'turn-off(tap)')",5,other
"('cut-in(tomato:cherry)', 'cut-in(tomato:cherry)', 'cut-in(tomato:cherry)')",5,cutting
"('close(bottle)', 'shake(bottle)', 'open(bottle)')",5,drying
"('close(bottle)', 'open(fridge)', 'put-in(bottle)')",5,container_usage
"('pick-up(fork)', 'wash(fork)', 'put-in(fork)')",5,washing
"('wash(plate)', 'put-in(plate)', 'pick-up(plate)')",5,washing
"('flip(patty:tuna)', 'flip(patty:tuna)', 'flip(patty:tuna)')",5,flipping
"('pick-up(omelette)', 'put-on(tray:baking)', 'pick-up(omelette)')",5,object_transfer
"('turn-off(tap)', 'pour-into(water)', 'turn-on(tap)')",5,pouring
"('put(plate)', 'take(spoon)', 'mix(curry)')",5,object_transfer
"('take(bowl)', 'put(bowl)', 'take(bowl)')",5,object_transfer
"('put(bottle)', 'take(bottle)', 'put(bottle)')",5,object_transfer
"('clean(sink)', 'rinse(sponge)', 'clean(sink)')",5,washing
"('wash(knife)', 'rinse(knife)', 'put-down(knife)')",5,washing
"('wash(hand)', 'pick-up(paper)', 'tear(paper)')",5,washing
"('flip(aubergine)', 'pick-up(aubergine)', 'put-down(aubergine)')",5,flipping
"('put-down(aubergine)', 'pick-up(salt)', 'pour(salt)')",5,pouring
"('put-down(fork)', 'take(fork)', 'rinse(fork)')",5,washing
"('flip(aubergine)', 'put-down(fork)', 'wash(hand)')",5,washing
"('open(oven)', 'pick-up(tray:baking)', 'put-down(tray:baking)')",5,object_transfer
"('pick-up(tray:baking)', 'put-down(tray:baking)', 'close(oven)')",5,object_transfer
"('open(fridge)', 'pick-up(cheese)', 'close(fridge)')",5,container_usage
"('turn-on(tap)', 'rinse(lid)', 'turn-off(tap)')",5,washing
"('sponge(plate)', 'turn-on(tap)', 'rinse(plate)')",5,washing
"('turn-on(tap)', 'rinse(spoon:wooden)', 'turn-off(tap)')",5,washing
"('sponge(spoon)', 'put-down(sponge)', 'turn-on(tap)')",5,object_transfer
"('rinse(spoon)', 'turn-off(tap)', 'put-down(spoon)')",5,washing
"('put-down(sponge)', 'turn-on(tap)', 'rinse(glass)')",5,washing
"('put-down(sponge)', 'turn-on(tap)', 'rinse(knife)')",5,washing
"('press(button)', 'squeeze(orange)', 'press(button)')",5,folding_shaping
"('squeeze(orange)', 'press(button)', 'throw(peel:orange)')",5,peeling
"('place-on(meat)', 'place-on(meat)', 'get(meat)')",5,object_transfer
"('put-on(nut:pine)', 'put-on(nut:pine)', 'pick-up(bag:pine:nut)')",5,object_transfer
"('rinse(pan)', 'turn-off(tap)', 'put-down(pan)')",5,washing
"('rinse(board:chopping)', 'turn-off(tap)', 'put-down(board:chopping)')",5,washing
"('pick-up(mug)', 'turn-on(tap)', 'fill-with(mug)')",5,object_transfer
"('take(thigh:chicken)', 'rinse(thigh:chicken)', 'put-in(thigh:chicken)')",5,washing
"('smash(garlic)', 'peel(skin:garlic)', 'discard(skin:garlic)')",5,peeling
"('turn-on(tap)', 'rinse(plate)', 'put-down(plate)')",5,washing
"('stir(food)', 'stir(food)', 'take(spoon)')",5,stirring
"('stir(food)', 'take(spoon)', 'spoon(rice)')",5,stirring
"('wash(glass)', 'turn-on(tap)', 'rinse(glass)')",5,washing
"('wash(plate)', 'put(sponge)', 'turn-on(tap)')",5,washing
"('rinse(pan)', 'rinse(pan)', 'turn-off(tap)')",5,washing
"('turn-on(tap)', 'rinse(strainer)', 'turn-off(tap)')",5,washing
"('pick-up(tomato)', 'put(tomato)', 'pick-up(tomato)')",5,object_transfer
"('turn-on(tap)', 'wash(hand)', 'wash(hand)')",5,washing
"('open(drawer)', 'pick-up(spoon:wooden)', 'close(drawer)')",5,container_usage
"('rinse(plate)', 'pick-up(sponge)', 'lather(plate)')",5,washing
"('pick-up(liquid:washing:up)', 'pour(liquid:washing:up)', 'put-down(detergent)')",5,washing
"('put-down(pancake:crispy)', 'pick-up(pancake:crispy)', 'put-down(pancake:crispy)')",5,object_transfer
"('put-down(glass)', 'put-down(glass)', 'put-down(glass)')",5,object_transfer
"('pick-up(pasta)', 'put-down(pasta)', 'put-down(plate)')",5,object_transfer
"('rinse(fork)', 'put-down(fork)', 'take(fork)')",5,washing
"('open(fridge)', 'put-down(bottle)', 'close(fridge)')",5,container_usage
"('put-into(dice:courgette)', 'move(slice:courgette)', 'dice(courgette)')",5,cutting
"('move(slice:courgette)', 'dice(courgette)', 'pick-up(dice:courgette)')",5,cutting
"('pick-up(leaf:pak:choi)', 'wash(leaf:pak:choi)', 'put-into(leaf:pak:choi)')",5,washing
"('put-down(cloth)', 'pick-up(spatula)', 'stir(food)')",5,stirring
"('take(spatula)', 'stir(vegetable)', 'stir(vegetable)')",5,stirring
"('put-in(carrot)', 'put-in(carrot)', 'cut(carrot)')",5,cutting
"('cut-into(carrot)', 'take(carrot)', 'put-in(carrot)')",5,cutting
"('take(thigh:chicken)', 'debone(thigh:chicken)', 'debone(thigh:chicken)')",5,separating
"('take(spoon)', 'wash(spoon)', 'put-down(spoon)')",5,washing
"('debone(thigh:chicken)', 'debone(thigh:chicken)', 'put-down(bone:chicken)')",5,separating
"('open(drawer)', 'take(fork)', 'close(drawer)')",5,container_usage
