video_id,start,end,type
P01_05,203,205,repetition_issue
P01_05,204,206,repetition_issue
P01_05,205,207,repetition_issue
P01_05,206,208,repetition_issue
P01_05,207,209,repetition_issue
P01_05,208,210,repetition_issue
P01_05,209,211,repetition_issue
P01_05,210,212,repetition_issue
P01_05,211,213,repetition_issue
P01_09,105,107,repetition_issue
P01_09,113,115,repetition_issue
P01_09,114,116,repetition_issue
P01_09,115,117,repetition_issue
P01_09,119,121,repetition_issue
P01_09,120,122,repetition_issue
P01_09,121,123,repetition_issue
P01_09,404,406,repetition_issue
P01_09,405,407,repetition_issue
P01_09,406,408,repetition_issue
P01_09,407,409,repetition_issue
P01_09,428,430,repetition_issue
P01_09,429,431,repetition_issue
P01_09,430,432,repetition_issue
P01_09,431,433,repetition_issue
P01_09,432,434,repetition_issue
P01_09,433,435,repetition_issue
P01_09,452,454,repetition_issue
P01_09,453,455,repetition_issue
P01_09,454,456,repetition_issue
P01_09,455,457,repetition_issue
P01_09,456,458,repetition_issue
P01_09,590,592,repetition_issue
P01_102,102,104,repetition_issue
P01_102,103,105,repetition_issue
P01_17,123,125,repetition_issue
P01_17,140,142,repetition_issue
P01_17,141,143,repetition_issue
P01_17,142,144,repetition_issue
P01_17,143,145,repetition_issue
P01_17,144,146,repetition_issue
P01_17,145,147,repetition_issue
P01_17,146,148,repetition_issue
P01_17,147,149,repetition_issue
P01_17,148,150,repetition_issue
P01_18,100,102,repetition_issue
P01_18,101,103,repetition_issue
P01_18,102,104,repetition_issue
P01_18,103,105,repetition_issue
P01_18,104,106,repetition_issue
P01_18,105,107,repetition_issue
P01_18,169,171,repetition_issue
P01_18,170,172,repetition_issue
P02_03,130,132,repetition_issue
P02_09,223,225,repetition_issue
P02_09,226,228,repetition_issue
P02_09,227,229,repetition_issue
P02_09,228,230,repetition_issue
P02_09,229,231,repetition_issue
P02_09,230,232,repetition_issue
P02_113,11,13,repetition_issue
P02_113,12,14,repetition_issue
P02_113,13,15,repetition_issue
P02_113,19,21,repetition_issue
P02_113,20,22,repetition_issue
P02_113,26,28,repetition_issue
P02_113,27,29,repetition_issue
P02_113,28,30,repetition_issue
P02_113,34,36,repetition_issue
P02_113,40,42,repetition_issue
P02_129,75,77,repetition_issue
P02_129,76,78,repetition_issue
P02_129,77,79,repetition_issue
P02_129,78,80,repetition_issue
P02_129,79,81,repetition_issue
P04_02,9,11,repetition_issue
P04_02,10,12,repetition_issue
P04_02,11,13,repetition_issue
P04_02,12,14,repetition_issue
P04_02,13,15,repetition_issue
P04_02,150,152,repetition_issue
P04_02,151,153,repetition_issue
P04_02,152,154,repetition_issue
P04_02,153,155,repetition_issue
P04_02,154,156,repetition_issue
P04_03,8,10,repetition_issue
P04_03,9,11,repetition_issue
P04_101,29,31,repetition_issue
P04_103,19,21,repetition_issue
P04_103,20,22,repetition_issue
P04_103,21,23,repetition_issue
P04_103,22,24,repetition_issue
P04_103,23,25,repetition_issue
P04_103,24,26,repetition_issue
P04_103,25,27,repetition_issue
P04_103,26,28,repetition_issue
P04_103,27,29,repetition_issue
P04_103,28,30,repetition_issue
P04_103,29,31,repetition_issue
P04_103,30,32,repetition_issue
P04_103,31,33,repetition_issue
P04_103,32,34,repetition_issue
P04_103,33,35,repetition_issue
P04_103,34,36,repetition_issue
P04_103,35,37,repetition_issue
P04_103,36,38,repetition_issue
P04_104,97,99,repetition_issue
P04_104,211,213,repetition_issue
P04_104,212,214,repetition_issue
P04_104,213,215,repetition_issue
P04_111,5,7,repetition_issue
P04_111,6,8,repetition_issue
P04_111,7,9,repetition_issue
P04_111,11,13,repetition_issue
P04_111,21,23,repetition_issue
P04_111,22,24,repetition_issue
P04_111,23,25,repetition_issue
P04_111,24,26,repetition_issue
P04_111,25,27,repetition_issue
P04_120,81,83,repetition_issue
P04_120,82,84,repetition_issue
P04_120,83,85,repetition_issue
P04_120,84,86,repetition_issue
P04_120,85,87,repetition_issue
P04_120,86,88,repetition_issue
P04_120,87,89,repetition_issue
P04_121,451,453,repetition_issue
P04_121,465,467,repetition_issue
P04_121,466,468,repetition_issue
P04_121,470,472,repetition_issue
P04_121,471,473,repetition_issue
P04_121,472,474,repetition_issue
P04_121,473,475,repetition_issue
P04_121,474,476,repetition_issue
P06_03,117,119,repetition_issue
P06_03,118,120,repetition_issue
P06_03,119,121,repetition_issue
P06_05,9,11,repetition_issue
P06_05,10,12,repetition_issue
P06_07,40,42,repetition_issue
P06_07,41,43,repetition_issue
P06_07,89,91,repetition_issue
P07_04,68,70,repetition_issue
P07_04,69,71,repetition_issue
P07_04,70,72,repetition_issue
P07_04,71,73,repetition_issue
P07_10,197,199,repetition_issue
P07_10,198,200,repetition_issue
P07_10,199,201,repetition_issue
P07_10,200,202,repetition_issue
P07_10,220,222,repetition_issue
P07_10,221,223,repetition_issue
P07_10,222,224,repetition_issue
P07_10,226,228,repetition_issue
P07_10,227,229,repetition_issue
P07_10,228,230,repetition_issue
P07_10,229,231,repetition_issue
P07_10,234,236,repetition_issue
P07_10,235,237,repetition_issue
P07_10,236,238,repetition_issue
P07_10,237,239,repetition_issue
P07_10,238,240,repetition_issue
P07_10,239,241,repetition_issue
P10_02,72,74,repetition_issue
P10_02,73,75,repetition_issue
P10_04,22,24,repetition_issue
P10_04,23,25,repetition_issue
P10_04,24,26,repetition_issue
P10_04,25,27,repetition_issue
P10_04,26,28,repetition_issue
P10_04,27,29,repetition_issue
P10_04,28,30,repetition_issue
P10_04,29,31,repetition_issue
P10_04,167,169,repetition_issue
P10_04,168,170,repetition_issue
P10_04,169,171,repetition_issue
P10_04,309,311,repetition_issue
P10_04,310,312,repetition_issue
P10_04,311,313,repetition_issue
P10_04,312,314,repetition_issue
P10_04,313,315,repetition_issue
P10_04,314,316,repetition_issue
P11_04,20,22,repetition_issue
P11_04,21,23,repetition_issue
P11_04,22,24,repetition_issue
P11_04,23,25,repetition_issue
P11_04,24,26,repetition_issue
P11_04,25,27,repetition_issue
P11_04,26,28,repetition_issue
P11_04,27,29,repetition_issue
P11_04,30,32,repetition_issue
P11_04,40,42,repetition_issue
P11_04,41,43,repetition_issue
P11_04,42,44,repetition_issue
P11_04,43,45,repetition_issue
P11_04,44,46,repetition_issue
P11_04,45,47,repetition_issue
P11_04,46,48,repetition_issue
P11_04,47,49,repetition_issue
P11_04,50,52,repetition_issue
P11_04,51,53,repetition_issue
P11_04,55,57,repetition_issue
P11_04,56,58,repetition_issue
P11_04,57,59,repetition_issue
P11_04,58,60,repetition_issue
P11_04,59,61,repetition_issue
P11_04,60,62,repetition_issue
P11_04,61,63,repetition_issue
P11_04,62,64,repetition_issue
P11_04,66,68,repetition_issue
P11_04,67,69,repetition_issue
P11_04,68,70,repetition_issue
P11_04,69,71,repetition_issue
P11_04,70,72,repetition_issue
P11_04,71,73,repetition_issue
P11_04,72,74,repetition_issue
P11_04,73,75,repetition_issue
P11_04,74,76,repetition_issue
P11_04,75,77,repetition_issue
P11_04,76,78,repetition_issue
P11_04,77,79,repetition_issue
P11_04,82,84,repetition_issue
P11_04,83,85,repetition_issue
P11_04,84,86,repetition_issue
P11_04,85,87,repetition_issue
P11_04,86,88,repetition_issue
P11_04,87,89,repetition_issue
P11_04,88,90,repetition_issue
P11_04,89,91,repetition_issue
P11_05,43,45,repetition_issue
P11_05,44,46,repetition_issue
P11_05,48,50,repetition_issue
P11_05,49,51,repetition_issue
P11_05,53,55,repetition_issue
P11_05,54,56,repetition_issue
P11_05,61,63,repetition_issue
P11_05,100,102,repetition_issue
P11_05,101,103,repetition_issue
P11_05,215,217,repetition_issue
P11_05,216,218,repetition_issue
P11_05,217,219,repetition_issue
P11_05,218,220,repetition_issue
P11_05,219,221,repetition_issue
P11_109,99,101,repetition_issue
P12_101,118,120,repetition_issue
P12_101,119,121,repetition_issue
P12_101,120,122,repetition_issue
P12_101,121,123,repetition_issue
P12_101,122,124,repetition_issue
P12_101,123,125,repetition_issue
P19_04,5,7,repetition_issue
P19_04,6,8,repetition_issue
P19_04,7,9,repetition_issue
P19_04,8,10,repetition_issue
P19_04,9,11,repetition_issue
P19_04,10,12,repetition_issue
P20_01,176,178,repetition_issue
P20_01,177,179,repetition_issue
P20_01,188,190,repetition_issue
P20_01,192,194,repetition_issue
P20_01,193,195,repetition_issue
P20_01,197,199,repetition_issue
P20_01,198,200,repetition_issue
P20_01,199,201,repetition_issue
P20_01,200,202,repetition_issue
P20_01,213,215,repetition_issue
P20_01,214,216,repetition_issue
P20_01,233,235,repetition_issue
P20_01,238,240,repetition_issue
P20_01,239,241,repetition_issue
P20_01,269,271,repetition_issue
P20_01,273,275,repetition_issue
P20_01,274,276,repetition_issue
P20_01,275,277,repetition_issue
P20_01,280,282,repetition_issue
P20_01,281,283,repetition_issue
P20_01,282,284,repetition_issue
P20_01,283,285,repetition_issue
P20_01,284,286,repetition_issue
P20_01,295,297,repetition_issue
P20_01,296,298,repetition_issue
P20_01,297,299,repetition_issue
P20_04,58,60,repetition_issue
P20_04,59,61,repetition_issue
P20_04,60,62,repetition_issue
P20_04,61,63,repetition_issue
P20_04,62,64,repetition_issue
P20_04,63,65,repetition_issue
P20_04,64,66,repetition_issue
P20_04,65,67,repetition_issue
P20_04,66,68,repetition_issue
P20_04,67,69,repetition_issue
P20_04,68,70,repetition_issue
P20_04,69,71,repetition_issue
P20_04,224,226,repetition_issue
P20_04,315,317,repetition_issue
P20_04,316,318,repetition_issue
P20_04,317,319,repetition_issue
P20_04,318,320,repetition_issue
P20_04,319,321,repetition_issue
P20_04,320,322,repetition_issue
P20_04,367,369,repetition_issue
P20_04,368,370,repetition_issue
P20_04,369,371,repetition_issue
P20_04,370,372,repetition_issue
P20_04,371,373,repetition_issue
P22_07,292,294,repetition_issue
P22_07,412,414,repetition_issue
P22_07,413,415,repetition_issue
P22_07,414,416,repetition_issue
P22_16,145,147,repetition_issue
P22_16,160,162,repetition_issue
P22_16,347,349,repetition_issue
P25_101,61,63,repetition_issue
P25_101,62,64,repetition_issue
P25_101,63,65,repetition_issue
P25_101,64,66,repetition_issue
P25_101,65,67,repetition_issue
P25_101,98,100,repetition_issue
P25_107,242,244,repetition_issue
P25_107,243,245,repetition_issue
P25_107,252,254,repetition_issue
P25_107,266,268,repetition_issue
P25_107,351,353,repetition_issue
P25_107,421,423,repetition_issue
P25_107,426,428,repetition_issue
P26_105,161,163,repetition_issue
P26_115,41,43,repetition_issue
P26_115,42,44,repetition_issue
P26_117,74,76,repetition_issue
P26_117,81,83,repetition_issue
P26_117,82,84,repetition_issue
P26_117,83,85,repetition_issue
P26_117,84,86,repetition_issue
P26_117,85,87,repetition_issue
P26_117,86,88,repetition_issue
P26_117,87,89,repetition_issue
P27_101,149,151,repetition_issue
P27_103,400,402,repetition_issue
P28_05,45,47,repetition_issue
P28_05,46,48,repetition_issue
P28_06,97,99,repetition_issue
P28_06,128,130,repetition_issue
P28_06,129,131,repetition_issue
P28_06,130,132,repetition_issue
P28_06,131,133,repetition_issue
P28_103,115,117,repetition_issue
P28_103,116,118,repetition_issue
P28_103,117,119,repetition_issue
P28_103,193,195,repetition_issue
P28_103,194,196,repetition_issue
P29_01,42,44,repetition_issue
P29_01,43,45,repetition_issue
P29_01,48,50,repetition_issue
P29_01,52,54,repetition_issue
P29_01,62,64,repetition_issue
P29_01,63,65,repetition_issue
P29_01,112,114,repetition_issue
P29_01,124,126,repetition_issue
P29_01,125,127,repetition_issue
P29_01,233,235,repetition_issue
P29_01,234,236,repetition_issue
P29_03,119,121,repetition_issue
P29_03,120,122,repetition_issue
P29_03,121,123,repetition_issue
P29_03,122,124,repetition_issue
P29_03,123,125,repetition_issue
P29_03,124,126,repetition_issue
P29_03,505,507,repetition_issue
P29_03,506,508,repetition_issue
P29_03,507,509,repetition_issue
P29_03,508,510,repetition_issue
P29_03,509,511,repetition_issue
P29_03,510,512,repetition_issue
P29_03,511,513,repetition_issue
P30_03,62,64,repetition_issue
P30_03,63,65,repetition_issue
P30_03,64,66,repetition_issue
P30_03,65,67,repetition_issue
P30_03,66,68,repetition_issue
P30_03,67,69,repetition_issue
P30_03,104,106,repetition_issue
P30_03,105,107,repetition_issue
P30_03,106,108,repetition_issue
P30_03,107,109,repetition_issue
P30_03,108,110,repetition_issue
P30_03,112,114,repetition_issue
P30_03,113,115,repetition_issue
P30_03,128,130,repetition_issue
P30_03,129,131,repetition_issue
P30_03,130,132,repetition_issue
P30_05,84,86,repetition_issue
P30_05,85,87,repetition_issue
P30_05,86,88,repetition_issue
P30_05,87,89,repetition_issue
P30_05,88,90,repetition_issue
P30_05,91,93,repetition_issue
P30_05,92,94,repetition_issue
P30_05,93,95,repetition_issue
P30_05,94,96,repetition_issue
P30_05,95,97,repetition_issue
P30_05,96,98,repetition_issue
P30_05,112,114,repetition_issue
P30_05,113,115,repetition_issue
P30_05,114,116,repetition_issue
P30_05,115,117,repetition_issue
P30_05,116,118,repetition_issue
P30_05,117,119,repetition_issue
P30_05,118,120,repetition_issue
P30_05,138,140,repetition_issue
P30_05,139,141,repetition_issue
P30_05,140,142,repetition_issue
P30_05,141,143,repetition_issue
P30_05,142,144,repetition_issue
P30_05,143,145,repetition_issue
P30_05,144,146,repetition_issue
P30_05,145,147,repetition_issue
P30_05,146,148,repetition_issue
P30_05,147,149,repetition_issue
P30_05,177,179,repetition_issue
P30_05,178,180,repetition_issue
P30_05,179,181,repetition_issue
P30_05,180,182,repetition_issue
P30_05,181,183,repetition_issue
P30_05,182,184,repetition_issue
P30_05,183,185,repetition_issue
P30_05,261,263,repetition_issue
P30_05,262,264,repetition_issue
P30_05,263,265,repetition_issue
P30_05,343,345,repetition_issue
P30_05,344,346,repetition_issue
P30_05,477,479,repetition_issue
P30_05,478,480,repetition_issue
P30_05,479,481,repetition_issue
P30_05,480,482,repetition_issue
P30_05,481,483,repetition_issue
P30_05,482,484,repetition_issue
P30_05,483,485,repetition_issue
P30_05,484,486,repetition_issue
P30_05,531,533,repetition_issue
P30_05,532,534,repetition_issue
P30_05,533,535,repetition_issue
P30_05,534,536,repetition_issue
P30_05,535,537,repetition_issue
P30_05,536,538,repetition_issue
P30_05,537,539,repetition_issue
P30_05,561,563,repetition_issue
P30_05,562,564,repetition_issue
P30_05,563,565,repetition_issue
P30_05,569,571,repetition_issue
P30_05,570,572,repetition_issue
P30_05,571,573,repetition_issue
P30_05,572,574,repetition_issue
P30_05,573,575,repetition_issue
P30_05,574,576,repetition_issue
P30_05,578,580,repetition_issue
P30_05,579,581,repetition_issue
P30_05,583,585,repetition_issue
P30_05,587,589,repetition_issue
P30_05,588,590,repetition_issue
P30_05,589,591,repetition_issue
P30_05,590,592,repetition_issue
P30_05,594,596,repetition_issue
P30_05,604,606,repetition_issue
P30_05,605,607,repetition_issue
P30_05,606,608,repetition_issue
P30_05,611,613,repetition_issue
P30_05,612,614,repetition_issue
P30_05,613,615,repetition_issue
P30_05,725,727,repetition_issue
P30_10,13,15,repetition_issue
P30_10,14,16,repetition_issue
P30_10,15,17,repetition_issue
P30_10,16,18,repetition_issue
P30_10,17,19,repetition_issue
P30_10,18,20,repetition_issue
P30_10,19,21,repetition_issue
P30_10,20,22,repetition_issue
P30_10,21,23,repetition_issue
P30_10,22,24,repetition_issue
P30_10,23,25,repetition_issue
P30_10,24,26,repetition_issue
P30_10,46,48,repetition_issue
P30_10,47,49,repetition_issue
P30_10,48,50,repetition_issue
P30_10,49,51,repetition_issue
P30_10,50,52,repetition_issue
P30_10,51,53,repetition_issue
P30_10,52,54,repetition_issue
P30_10,53,55,repetition_issue
P30_10,54,56,repetition_issue
P30_10,55,57,repetition_issue
P30_10,56,58,repetition_issue
P30_10,74,76,repetition_issue
P30_10,75,77,repetition_issue
P35_103,34,36,repetition_issue
P35_103,35,37,repetition_issue
P35_103,36,38,repetition_issue
P35_103,37,39,repetition_issue
P35_103,38,40,repetition_issue
P35_103,39,41,repetition_issue
P35_103,40,42,repetition_issue
P35_103,41,43,repetition_issue
P35_105,122,124,repetition_issue
P35_105,416,418,repetition_issue
P35_105,417,419,repetition_issue
P35_105,418,420,repetition_issue
P35_105,419,421,repetition_issue
P35_105,420,422,repetition_issue
P37_103,1,3,repetition_issue
P37_103,2,4,repetition_issue
P37_103,3,5,repetition_issue
P37_103,8,10,repetition_issue
P37_103,9,11,repetition_issue
P37_103,10,12,repetition_issue
P37_103,15,17,repetition_issue
P37_103,16,18,repetition_issue
P37_103,21,23,repetition_issue
P37_103,22,24,repetition_issue
P37_103,23,25,repetition_issue
P37_103,31,33,repetition_issue
P37_103,41,43,repetition_issue
P37_103,42,44,repetition_issue
P37_103,52,54,repetition_issue
P37_103,53,55,repetition_issue
P37_103,54,56,repetition_issue
P01_01,37,39,oscillation_issue
P01_01,241,243,oscillation_issue
P01_01,295,297,oscillation_issue
P01_106,183,185,oscillation_issue
P01_109,437,439,oscillation_issue
P01_109,439,441,oscillation_issue
P01_109,452,454,oscillation_issue
P01_109,453,455,oscillation_issue
P01_109,698,700,oscillation_issue
P01_109,712,714,oscillation_issue
P01_109,800,802,oscillation_issue
P01_18,415,417,oscillation_issue
P01_18,418,420,oscillation_issue
P01_18,581,583,oscillation_issue
P01_18,640,642,oscillation_issue
P01_19,35,37,oscillation_issue
P01_19,46,48,oscillation_issue
P02_03,97,99,oscillation_issue
P02_03,98,100,oscillation_issue
P02_03,128,130,oscillation_issue
P02_06,124,126,oscillation_issue
P02_09,273,275,oscillation_issue
P02_09,336,338,oscillation_issue
P02_09,337,339,oscillation_issue
P02_109,152,154,oscillation_issue
P02_110,43,45,oscillation_issue
P02_112,156,158,oscillation_issue
